,Ticker,Date,Time
,Ticker,Date,Time
,Ticker,Date,Time
,Ticker,Date,Time
,Ticker,Date,Time
,Ticker,Date,Time
,Ticker,Date,Time
,Ticker,Date,Time
,Ticker,Date,Time
,Ticker,Date,Time
,Ticker,Date,Time
,Ticker,Date,Time
,Ticker,Date,Time
,Ticker,Date,Time
,Ticker,Date,Time
,Ticker,Date,Time
,Ticker,Date,Time
,Ticker,Date,Time
,Ticker,Date,Time
,Ticker,Date,Time
,Ticker,Date,Time
,Ticker,Date,Time
,Ticker,Date,Time
,Ticker,Date,Time
,Ticker,Date,Time
,Ticker,Date,Time
,Ticker,Date,Time
,Ticker,Date,Time
,Ticker,Date,Time
,Ticker,Date,Time
,Ticker,Date,Time
,Ticker,Date,Time
,Ticker,Date,Time
