,Link,Failed_Link
0,https://seekingalpha.com/article/4058308-rio-tinto-plc-2016-q4-results-earnings-call-slides?part=single,
1,https://seekingalpha.com/article/4043797-rio-tintos-rio-ceo-jean-sebastien-jacques-q4-2016-results-earnings-call-transcript?part=single,
2,https://seekingalpha.com/article/4026284-rio-tinto-rio-presents-capital-markets-day?part=single,
3,https://seekingalpha.com/article/3891816-rio-tintos-rio-ceo-sam-walsh-q4-2015-results-earnings-call-transcript?part=single,
4,https://seekingalpha.com/article/3419896-rio-tintos-rio-ceo-sam-walsh-on-q2-2015-results-earnings-call-transcript?part=single,
5,https://seekingalpha.com/article/2425555-rio-tintos-rio-ceo-sam-walsh-on-q2-2014-results-earnings-call-transcript?part=single,
6,https://seekingalpha.com/article/1617782-rio-tintos-ceo-discusses-q2-2013-results-earnings-call-transcript?part=single,
7,https://seekingalpha.com/article/1186831-rio-tinto-plc-adr-ceo-discusses-q4-2012-results-earnings-call-transcript?part=single,
8,https://seekingalpha.com/article/792071-rio-tintos-ceo-discusses-interim-2012-results-earnings-call-transcript?part=single,
9,https://seekingalpha.com/article/379711-rio-tinto-plcs-ceo-discusses-2011-results-earnings-call-transcript?part=single,
10,https://seekingalpha.com/article/284940-rio-tinto-plcs-ceo-discusses-q2-2011-results-earnings-call-transcript?part=single,
11,https://seekingalpha.com/article/14959-rio-tinto-half-year-2006-earnings-results-conference-call-transcript-rtp?part=single,
12,https://seekingalpha.com/article/6807-rio-tinto-q4-2005-earnings-conference-call-transcript-rtp?part=single,
,Link,Failed_Link
0,https://seekingalpha.com/article/4058308-rio-tinto-plc-2016-q4-results-earnings-call-slides?part=single,
1,https://seekingalpha.com/article/4043797-rio-tintos-rio-ceo-jean-sebastien-jacques-q4-2016-results-earnings-call-transcript?part=single,
2,https://seekingalpha.com/article/4026284-rio-tinto-rio-presents-capital-markets-day?part=single,
3,https://seekingalpha.com/article/3891816-rio-tintos-rio-ceo-sam-walsh-q4-2015-results-earnings-call-transcript?part=single,
4,https://seekingalpha.com/article/3419896-rio-tintos-rio-ceo-sam-walsh-on-q2-2015-results-earnings-call-transcript?part=single,
5,https://seekingalpha.com/article/2425555-rio-tintos-rio-ceo-sam-walsh-on-q2-2014-results-earnings-call-transcript?part=single,
6,https://seekingalpha.com/article/1617782-rio-tintos-ceo-discusses-q2-2013-results-earnings-call-transcript?part=single,
7,https://seekingalpha.com/article/1186831-rio-tinto-plc-adr-ceo-discusses-q4-2012-results-earnings-call-transcript?part=single,
8,https://seekingalpha.com/article/792071-rio-tintos-ceo-discusses-interim-2012-results-earnings-call-transcript?part=single,
9,https://seekingalpha.com/article/379711-rio-tinto-plcs-ceo-discusses-2011-results-earnings-call-transcript?part=single,
10,https://seekingalpha.com/article/284940-rio-tinto-plcs-ceo-discusses-q2-2011-results-earnings-call-transcript?part=single,
11,https://seekingalpha.com/article/14959-rio-tinto-half-year-2006-earnings-results-conference-call-transcript-rtp?part=single,
12,https://seekingalpha.com/article/6807-rio-tinto-q4-2005-earnings-conference-call-transcript-rtp?part=single,
,Link,Failed_Link
0,https://seekingalpha.com/article/4056229-exxon-mobils-xom-ceo-darren-woods-hosts-2017-analyst-meeting-transcript?part=single,
1,https://seekingalpha.com/article/4041222-exxon-mobils-xom-q4-2016-results-earnings-call-transcript?part=single,
2,https://seekingalpha.com/article/4040958-exxon-mobil-corporation-2016-q4-results-earnings-call-slides?part=single,
3,https://seekingalpha.com/article/4016510-exxon-mobils-xom-q3-2016-results-earnings-call-transcript?part=single,
4,https://seekingalpha.com/article/4016329-exxon-mobil-corporation-2016-q3-results-earnings-call-slides?part=single,
5,https://seekingalpha.com/article/3993426-exxon-mobil-corporation-2016-q2-results-earnings-call-slides?part=single,
6,https://seekingalpha.com/article/3993326-exxon-mobil-xom-q2-2016-results-earnings-call-transcript?part=single,
7,https://seekingalpha.com/article/3969448-exxon-mobil-xom-q1-2016-results-earnings-call-transcript?part=single,
8,https://seekingalpha.com/article/3857646-exxon-mobil-xom-q4-2015-results-earnings-call-transcript?part=single,
9,https://seekingalpha.com/article/3851846-exxon-mobil-xom-q4-2015-results-earnings-call-webcast?part=single,
10,https://seekingalpha.com/article/3626956-exxon-mobil-xom-q3-2015-results-earnings-call-transcript?part=single,
11,https://seekingalpha.com/article/3622296-exxon-mobil-xom-q3-2015-results-earnings-call-webcast?part=single,
12,https://seekingalpha.com/article/3384405-exxon-mobil-xom-on-q2-2015-results-earnings-call-transcript?part=single,
13,https://seekingalpha.com/article/3378575-exxon-mobil-xom-q2-2015-results-earnings-call-webcast?part=single,
14,https://seekingalpha.com/article/3124086-exxonmobil-xom-q1-2015-results-earnings-call-transcript?part=single,
15,https://seekingalpha.com/article/3121586-exxon-mobil-xom-q1-2015-results-earnings-call-webcast?part=single,
16,https://seekingalpha.com/article/2975396-exxon-mobils-xom-ceo-rex-tillerson-hosts-2015-analyst-meeting-transcript?part=single,
17,https://seekingalpha.com/article/2875416-exxonmobil-xom-q4-2014-results-earnings-call-transcript?part=single,
18,https://seekingalpha.com/article/2865886-exxon-mobil-xom-q4-2014-results-earnings-call-webcast?part=single,
19,https://seekingalpha.com/article/2625625-exxon-mobil-xom-q3-2014-results-earnings-call-transcript?part=single,
20,https://seekingalpha.com/article/2620205-exxon-mobil-xom-q3-2014-results-earnings-call-webcast?part=single,
21,https://seekingalpha.com/article/2366065-exxon-mobil-xom-q2-2014-results-earnings-call-transcript?part=single,
22,https://seekingalpha.com/article/2363235-q2-2014-exxon-mobil-corp-earnings-conference-call-webcast?part=single,
23,https://seekingalpha.com/article/2243043-exxon-mobils-xom-ceo-rex-tillerson-hosts-annual-shareholder-meeting-transcript?part=single,
24,https://seekingalpha.com/article/2184133-exxon-mobil-management-discusses-q1-2014-results-earnings-call-transcript?part=single,
25,https://seekingalpha.com/article/2181433-exxon-mobil-xom-q1-2014-results-results-earnings-call-webcast?part=single,
26,https://seekingalpha.com/article/2070673-exxonmobils-ceo-hosts-2014-analyst-meeting-transcript?part=single,
27,https://seekingalpha.com/article/1981521-exxon-mobil-management-discusses-q4-2013-results-earnings-call-transcript?part=single,
28,https://seekingalpha.com/article/1980351-q4-2013-exxon-mobil-corp-earnings-conference-call-webcast?part=single,
29,,https://seekingalpha.com/article/1793882-exxon-mobil-management-discusses-q3-2013-results-earnings-call-transcript?part=single
30,,https://seekingalpha.com/article/1595062-exxon-mobil-management-discusses-q2-2013-results-earnings-call-transcript?part=single
31,https://seekingalpha.com/article/1593722-exxon-mobil-corporation-xom-management-discusses-q2-2013-results-webcast?part=single,
32,https://seekingalpha.com/article/1468831-exxonmobil-corporation-ceo-hosts-annual-shareholder-meeting-transcript?part=single,
33,https://seekingalpha.com/article/1371391-exxon-mobils-ceo-discusses-q1-2013-results-earnings-call-transcript?part=single,
34,https://seekingalpha.com/article/1254011-exxonmobils-ceo-hosts-2013-analyst-meeting-conference-transcript?part=single,
35,https://seekingalpha.com/article/1150721-exxon-mobil-management-discusses-q4-2012-results-earnings-call-transcript?part=single,
36,https://seekingalpha.com/article/1058481-exxon-mobils-management-discusses-2013-energy-outlook-conference-call-transcript?part=single,
37,https://seekingalpha.com/article/968661-exxon-mobils-management-discusses-q3-2012-results-earnings-call-transcript?part=single,
38,https://seekingalpha.com/article/753211-exxon-mobils-ceo-discusses-q2-2012-results-earnings-call-transcript?part=single,
39,https://seekingalpha.com/article/629711-exxon-mobils-ceo-hosts-annual-shareholder-meeting-transcript?part=single,
40,https://seekingalpha.com/article/532141-exxon-mobil-management-discusses-q1-2012-results-earnings-call-transcript?part=single,
41,https://seekingalpha.com/article/424611-exxon-mobil-corporation-shareholder-analyst-call?part=single,
42,https://seekingalpha.com/article/329962-exxon-mobil-management-discusses-q4-2011-results-earnings-call-transcript?part=single,
43,https://seekingalpha.com/article/302986-exxon-mobil-management-discusses-q3-2011-results-earnings-call-transcript?part=single,
44,https://seekingalpha.com/article/282746-exxon-mobil-management-discusses-q2-2011-results-earnings-call-transcript?part=single,
45,https://seekingalpha.com/article/266369-exxon-mobil-management-discusses-q1-2011-results-earnings-call-transcript?part=single,
46,https://seekingalpha.com/article/249827-exxonmobil-management-discusses-q4-2010-results-earnings-call-transcript?part=single,
47,https://seekingalpha.com/article/233089-exxon-mobil-management-discusses-q3-2010-results-earnings-call-transcript?part=single,
48,https://seekingalpha.com/article/201901-exxon-mobil-q1-2010-earnings-call-transcript?part=single,
49,https://seekingalpha.com/article/185872-exxon-mobil-corporation-q4-2009-earnings-call-transcript?part=single,
50,https://seekingalpha.com/article/170060-exxon-mobil-q3-2009-earnings-call-transcript?part=single,
51,,https://seekingalpha.com/article/152721-exxon-mobil-q2-2009-earnings-transcript?part=single
52,,https://seekingalpha.com/article/134395-exxonmobil-q1-2009-earnings-call-transcript?part=single
53,https://seekingalpha.com/article/117725-exxon-mobil-corporation-q4-2008-earnings-call-transcript?part=single,
54,https://seekingalpha.com/article/103079-exxon-mobil-q3-2008-earnings-call-transcript?part=single,
55,https://seekingalpha.com/article/88415-exxonmobil-corp-q2-2008-earnings-call?part=single,
56,https://seekingalpha.com/article/75218-exxonmobil-corp-q1-2008-earnings-call-transcript?part=single,
57,https://seekingalpha.com/article/62717-exxonmobil-corp-q4-2007-earnings-call-transcript?part=single,
58,https://seekingalpha.com/article/52468-exxonmobil-q3-2007-earnings-call-transcript?part=single,
59,https://seekingalpha.com/article/42542-exxonmobil-q2-2007-earnings-call-transcript?part=single,
60,https://seekingalpha.com/article/33667-exxonmobil-q1-2007-earnings-call-transcript?part=single,
61,https://seekingalpha.com/article/25823-exxon-mobil-q4-2006-earnings-call-transcript?part=single,
62,https://seekingalpha.com/article/19334-exxonmobil-q3-2006-earnings-call-transcript?part=single,
63,https://seekingalpha.com/article/14498-exxonmobil-corporation-q2-2006-earnings-conference-call-transcript-xom?part=single,
64,https://seekingalpha.com/article/9673-exxonmobil-corporation-q1-2006-earnings-conference-call-transcript-xom?part=single,
65,https://seekingalpha.com/article/6333-exxonmobil-q4-2005-earnings-conference-call-transcript-xom?part=single,
66,https://seekingalpha.com/article/4684-full-transcript-of-exxon-mobil-s-3q05-conference-call-q-and-a-xom?part=single,
67,https://seekingalpha.com/article/4683-full-transcript-of-exxon-mobil-s-3q05-conference-call-prepared-remarks-xom?part=single,
,Link,Failed_Link
0,https://seekingalpha.com/article/4056953-general-electric-ge-presents-bank-america-merrill-lynch-global-industrials-and-eu-autos?part=single,
1,https://seekingalpha.com/article/4056800-bank-america-merrill-lynch-global-industrials-and-eu-autos-conference?part=single,
2,https://seekingalpha.com/article/4055021-general-electric-ge-presents-2017-jp-morgan-aviation-transportation-and-industrials?part=single,
3,https://seekingalpha.com/article/4054749-j-p-morgan-aviation-transportation-industrials-conference?part=single,
4,https://seekingalpha.com/article/4054750-general-electric-companys-ge-ceo-richard-laxer-presents-j-p-morgan-aviation-transportation?part=single,
5,https://seekingalpha.com/article/4054697-general-electric-companys-ge-management-presents-j-p-morgan-aviation-transportation?part=single,
6,https://seekingalpha.com/article/4053094-ge-power-and-renewable-energy-investor-meeting?part=single,
7,https://seekingalpha.com/article/4038340-general-electrics-ge-ceo-jeff-immelt-q4-2016-results-earnings-call-transcript?part=single,
8,https://seekingalpha.com/article/4038222-general-electric-company-2016-q4-results-earnings-call-slides?part=single,
9,,https://seekingalpha.com/article/4030780-ge-annual-outlook-investor-meeting-slides?part=single
10,,https://seekingalpha.com/article/4030623-general-electrics-ge-ceo-jeffrey-immelt-hosts-annual-outlook-investor-meeting-conference?part=single
11,https://seekingalpha.com/article/4027707-general-electric-ge-presents-credit-suisse-4th-annual-industrials-conference-transcript?part=single,
12,https://seekingalpha.com/article/4027655-credit-suisse-industrials-conference?part=single,
13,https://seekingalpha.com/article/4017282-baker-hughes-inc-bhi-ge-baker-hughes-agree-create-new-fullstream-digital-industrial-services?part=single,
14,https://seekingalpha.com/article/4017106-ge-acquire-baker-hughes-m-presentation?part=single,
15,https://seekingalpha.com/article/4014832-general-electric-company-2016-q3-results-earnings-call-slides?part=single,
16,https://seekingalpha.com/article/4013898-general-electrics-ge-ceo-jeffrey-immelt-q3-2016-results-earnings-call-transcript?part=single,
17,https://seekingalpha.com/article/4006258-general-electrics-ge-management-presents-morgan-stanley-laguna-conference-transcript?part=single,
18,https://seekingalpha.com/article/4005041-general-electric-ge-management-presents-rbc-capital-markets-global-industrials-conference?part=single,
19,https://seekingalpha.com/article/4004596-ge-presentation-vertical-research-industrial-conference?part=single,
20,https://seekingalpha.com/article/4004396-general-electric-ge-additive-manufacturing-investor-meeting-conference-transcript?part=single,
21,https://seekingalpha.com/article/3990696-general-electric-ge-jeffrey-r-immelt-q2-2016-results-earnings-call-transcript?part=single,
22,https://seekingalpha.com/article/3990651-general-electric-company-2016-q2-results-earnings-call-slides?part=single,
23,https://seekingalpha.com/article/3984262-general-electrics-ge-jeffrey-bornstein-ge-digital-investor-meeting-transcript?part=single,
24,https://seekingalpha.com/article/3982114-general-electric-companys-ge-management-discusses-william-blair-growth-stock-conference?part=single,
25,https://seekingalpha.com/article/3982071-general-electric-companys-ge-management-discusses-william-blair-growth-stock-conference?part=single,
26,https://seekingalpha.com/article/3981744-general-electric-companys-management-presents-stifel-industrials-conference-transcript?part=single,
27,https://seekingalpha.com/article/3981078-general-electrics-ge-presents-deutsche-bank-2016-global-industrials-materials-summit?part=single,
28,https://seekingalpha.com/article/3979295-general-electric-company-ge-presents-sanford-bernstein-strategic-decisions-conference?part=single,
29,https://seekingalpha.com/article/3976146-general-electrics-ge-ceo-jeffrey-immelt-electrical-products-group-epg-conference-transcript?part=single,
30,https://seekingalpha.com/article/3967396-general-electric-ge-jeffrey-r-immelt-q1-2016-results-earnings-call-transcript?part=single,
31,https://seekingalpha.com/article/3967243-general-electric-ge-q1-2016-results-earnings-call-webcast?part=single,
32,https://seekingalpha.com/article/3958951-general-electric-ge-presents-bank-america-merrill-lynch-global-industrials-and-eu-autos?part=single,
33,https://seekingalpha.com/article/3957164-general-electric-ge-presents-jpmorgan-aviation-transportation-and-industrials-brokers?part=single,
34,https://seekingalpha.com/article/3828546-general-electrics-ge-ceo-jeff-immelt-q4-2015-results-earnings-call-transcript?part=single,
35,https://seekingalpha.com/article/3821136-general-electric-ge-q4-2015-results-earnings-call-webcast?part=single,
36,https://seekingalpha.com/article/3761076-general-electrics-ge-ceo-jeff-immelt-hosts-annual-outlook-investor-meeting-transcript?part=single,
37,,https://seekingalpha.com/article/3729006-general-electric-ge-presents-credit-suisse-industrials-conference-transcript?part=single
38,,https://seekingalpha.com/article/3578726-general-electrics-ge-ceo-jeff-immelt-q3-2015-results-earnings-call-transcript?part=single
39,https://seekingalpha.com/article/3573026-general-electric-ge-q3-2015-results-earnings-call-webcast?part=single,
40,https://seekingalpha.com/article/3515966-general-electrics-ge-management-presents-morgan-stanley-laguna-brokers-conference-transcript?part=single,
41,https://seekingalpha.com/article/3502866-general-electrics-ge-management-rbc-capital-markets-global-industrials-conference-transcript?part=single,
42,https://seekingalpha.com/article/3334555-general-electric-ge-jeffrey-r-immelt-on-q2-2015-results-earnings-call-transcript?part=single,
43,https://seekingalpha.com/article/3263295-general-electrics-ge-management-presents-at-stifel-industrials-conference-transcript?part=single,
44,https://seekingalpha.com/article/3233736-general-electrics-ge-management-presents-at-deutsche-bank-global-industrials-and-basic-materials-conference-transcript?part=single,
45,https://seekingalpha.com/article/3200596-general-electrics-ge-ceo-jeff-immelt-presents-at-2015-electrical-products-group-conference-transcript?part=single,
46,https://seekingalpha.com/article/3078506-general-electrics-ge-ceo-jeff-immelt-on-q1-2015-results-earnings-call-transcript?part=single,
47,https://seekingalpha.com/article/3073306-general-electric-ge-q1-2015-results-earnings-call-webcast?part=single,
48,https://seekingalpha.com/article/3013886-general-electric-ge-presents-at-bank-of-america-merrill-lynch-global-industrials-and-eu-autos-conference-transcript?part=single,
49,https://seekingalpha.com/article/2977476-general-electrics-ge-presents-at-j-p-morgan-aviation-transportation-and-industrials-conference-transcript?part=single,
50,https://seekingalpha.com/article/2928696-general-electric-company-ge-presents-at-barclays-industrial-select-conference-2015-transcript?part=single,
51,https://seekingalpha.com/article/2845966-general-electrics-ge-ceo-jeff-immelt-on-q4-2014-results-earnings-call-transcript?part=single,
52,https://seekingalpha.com/article/2840146-general-electric-ge-q4-2014-results-earnings-call-webcast?part=single,
53,https://seekingalpha.com/article/2762965-general-electrics-ge-ceo-jeff-immelt-hosts-annual-outlook-investor-meeting-transcript?part=single,
54,https://seekingalpha.com/article/2725985-general-electrics-ge-management-presents-at-credit-suisse-global-industrials-conference-transcript?part=single,
55,https://seekingalpha.com/article/2675355-general-electrics-ge-management-presents-at-goldman-sachs-industrials-conference-transcript?part=single,
56,https://seekingalpha.com/article/2571245-general-electrics-ge-ceo-jeffrey-immelt-on-q3-2014-results-earnings-call-transcript?part=single,
57,https://seekingalpha.com/article/2564805-general-electric-ge-q3-2014-results-earnings-call-webcast?part=single,
58,https://seekingalpha.com/article/2497135-general-electric-ge-presents-at-morgan-stanley-laguna-conference-transcript?part=single,
59,,https://seekingalpha.com/article/2486225-general-electrics-ge-investor-day-on-ge-oil-and-gas-conference-transcript?part=single
60,,https://seekingalpha.com/article/2323025-general-electrics-ge-ceo-jeff-immelt-on-q2-2014-results-earnings-call-transcript?part=single
61,https://seekingalpha.com/article/2255163-general-electric-ge-at-deutsche-bank-global-industrials-and-basic-materials-conference-transcript?part=single,
62,https://seekingalpha.com/article/2231433-general-electrics-ge-ceo-jeff-immelt-at-2014-electrical-products-group-epg-conference-transcript?part=single,
63,https://seekingalpha.com/article/2148373-general-electrics-ceo-discusses-q1-2014-results-earnings-call-transcript?part=single,
64,https://seekingalpha.com/article/2037523-general-electric-at-barclays-industrial-select-conference-transcript?part=single,
65,https://seekingalpha.com/article/1952281-general-electrics-ceo-discusses-q4-2013-results-earnings-call-transcript?part=single,
66,https://seekingalpha.com/article/1950931-q4-2013-general-electric-co-earnings-conference-call-webcast?part=single,
67,https://seekingalpha.com/article/1908131-general-electrics-ceo-hosts-annual-outlook-investor-meeting-conference-transcript?part=single,
68,https://seekingalpha.com/article/1754092-general-electrics-ceo-discusses-q3-2013-results-earnings-call-transcript?part=single,
69,https://seekingalpha.com/article/1558502-general-electric-company-ge-ceo-discusses-q2-2013-results-earnings-call-transcript?part=single,
70,https://seekingalpha.com/article/1454871-general-electrics-ceo-presents-at-2013-electrical-products-group-conference-transcript?part=single,
71,https://seekingalpha.com/article/1368171-general-electrics-ceo-presents-at-2013-annual-shareholder-meeting-conference-transcript?part=single,
72,https://seekingalpha.com/article/1354631-general-electrics-ceo-discusses-q1-2013-results-earnings-call-transcript?part=single,
73,https://seekingalpha.com/article/1178731-general-electric-companys-ceo-discusses-nbcu-transaction-transcript?part=single,
74,https://seekingalpha.com/article/1120541-general-electrics-ceo-discusses-q4-2012-results-earnings-call-transcript?part=single,
75,https://seekingalpha.com/article/935301-general-electric-companys-ceo-discusses-q3-2012-results-earnings-call-transcript?part=single,
76,https://seekingalpha.com/article/737291-general-electrics-ceo-discusses-q2-2012-results-earnings-call-transcript?part=single,
77,https://seekingalpha.com/article/529611-general-electrics-ceo-hosts-2012-annual-meeting-transcript?part=single,
78,https://seekingalpha.com/article/514471-general-electrics-ceo-discusses-q1-2012-results-earnings-call-transcript?part=single,
79,https://seekingalpha.com/article/421991-general-electric-company-shareholder-analyst-call?part=single,
80,https://seekingalpha.com/article/320998-general-electrics-ceo-discusses-q4-2011-results-earnings-call-transcript?part=single,
81,https://seekingalpha.com/article/313696-general-electrics-ceo-hosts-annual-outlook-meeting-conference-call-transcript?part=single,
82,,https://seekingalpha.com/article/301302-general-electrics-ceo-discusses-q3-2011-results-earnings-call-transcript?part=single
83,,https://seekingalpha.com/article/281253-general-electrics-ceo-discusses-q2-2011-results-earnings-call-transcript?part=single
84,https://seekingalpha.com/article/265232-general-electrics-ceo-discusses-q1-2011-results-earnings-call-transcript?part=single,
85,https://seekingalpha.com/article/247923-general-electrics-ceo-discusses-q4-2010-results-earnings-call-transcript?part=single,
86,https://seekingalpha.com/article/199163-general-electric-company-q1-2010-earnings-call-transcript?part=single,
87,https://seekingalpha.com/article/183965-general-electric-company-q4-2009-earnings-call-transcript?part=single,
88,https://seekingalpha.com/article/167022-general-electric-company-q3-2009-earnings-call-transcript?part=single,
89,https://seekingalpha.com/article/149541-general-electric-company-q2-2009-earnings-call-transcript?part=single,
90,https://seekingalpha.com/article/131525-general-electric-company-q1-2009-earnings-call-transcript?part=single,
91,https://seekingalpha.com/article/116226-general-electric-company-q4-2008-earnings-call-transcript?part=single,
92,https://seekingalpha.com/article/111496-general-electric-company-annual-outlook-meeting-transcript?part=single,
93,https://seekingalpha.com/article/108843-general-electric-company-business-update-call-transcript?part=single,
94,https://seekingalpha.com/article/99428-general-electric-company-q3-2008-earnings-call-transcript?part=single,
95,https://seekingalpha.com/article/97448-general-electric-company-business-update-call-transcript?part=single,
96,https://seekingalpha.com/article/84663-general-electric-q2-2008-earnings-call-transcript?part=single,
97,https://seekingalpha.com/article/72018-general-electric-q1-2008-earnings-call-transcript?part=single,
98,https://seekingalpha.com/article/60735-general-electric-company-q4-2007-earnings-call-transcript?part=single,
99,https://seekingalpha.com/article/49751-general-electric-q3-2007-earnings-call-transcript?part=single,
100,https://seekingalpha.com/article/41013-general-electric-q2-2007-earnings-call-transcript?part=single,
101,https://seekingalpha.com/article/32270-general-electric-q1-2007-earnings-call-transcript?part=single,
102,https://seekingalpha.com/article/24629-general-electric-q4-2006-earnings-call-transcript?part=single,
103,https://seekingalpha.com/article/18420-general-electric-q3-2006-earnings-call-transcript?part=single,
104,,https://seekingalpha.com/article/13614-general-electric-company-q2-2006-earnings-conference-call-transcript-ge?part=single
105,,https://seekingalpha.com/article/9036-general-electric-company-q1-2006-earnings-conference-call-transcript-ge?part=single
106,https://seekingalpha.com/article/6005-general-electric-q4-2005-earnings-conference-call-transcript-ge?part=single,
,Link,Failed_Link
0,https://seekingalpha.com/article/4057417-ford-f-investor-presentation-slideshow?part=single,
1,https://seekingalpha.com/article/4039912-ford-motors-f-ceo-mark-fields-q4-2016-results-earnings-call-transcript?part=single,
2,https://seekingalpha.com/article/4039637-ford-motor-company-2016-q4-results-earnings-call-slides?part=single,
3,https://seekingalpha.com/article/4035843-ford-motors-f-ceo-mark-fields-presents-deutsche-bank-global-auto-industry-conference?part=single,
4,https://seekingalpha.com/article/4035777-ford-f-presents-2017-deutsche-bank-global-auto-industry-conference-slideshow?part=single,
5,https://seekingalpha.com/article/4027678-ford-motor-f-november-2016-u-s-sales-conference-call-transcript?part=single,
6,https://seekingalpha.com/article/4015766-ford-motor-f-q3-2016-results-earnings-call-transcript?part=single,
7,https://seekingalpha.com/article/4015655-ford-motor-company-2016-q3-results-earnings-call-slides?part=single,
8,https://seekingalpha.com/article/4006587-ford-motors-f-ceo-mark-fields-hosts-2016-investor-day-conference-transcript?part=single,
9,https://seekingalpha.com/article/3992728-ford-motor-f-mark-fields-q2-2016-results-earnings-call-transcript?part=single,
10,https://seekingalpha.com/article/3992585-ford-motor-company-2016-q2-results-earnings-call-slides?part=single,
11,https://seekingalpha.com/article/3979198-ford-motor-f-may-2016-u-s-sales-conference-call-transcript?part=single,
12,https://seekingalpha.com/article/3969392-ford-motor-f-mark-fields-q1-2016-results-earnings-call-transcript?part=single,
13,https://seekingalpha.com/article/3968828-ford-motor-f-q1-2016-results-earnings-call-webcast?part=single,
14,https://seekingalpha.com/article/3960543-ford-motor-f-presents-bank-america-merrill-lynch-2016-nyc-auto-summit-brokers-conference?part=single,
15,https://seekingalpha.com/article/3844486-ford-motors-f-ceo-mark-fields-q4-2015-results-earnings-call-transcript?part=single,
16,https://seekingalpha.com/article/3840126-ford-motor-f-q4-2015-results-earnings-call-webcast?part=single,
17,https://seekingalpha.com/article/3724726-ford-motor-f-november-2015-u-s-sales-conference-call-transcript?part=single,
18,https://seekingalpha.com/article/3721426-ford-motors-f-ceo-mark-fields-co-briefing-uaw-ford-2015-collective-bargaining-agreement?part=single,
19,https://seekingalpha.com/article/3609276-ford-motors-f-ceo-mark-fields-q3-2015-results-earnings-call-transcript?part=single,
20,https://seekingalpha.com/article/3603236-ford-motor-f-q3-2015-results-earnings-call-webcast?part=single,
21,https://seekingalpha.com/article/3546216-ford-motors-f-management-presents-september-2015-u-s-sales-conference-call-transcript?part=single,
22,,https://seekingalpha.com/article/3514526-ford-motor-f-presents-dbaccess-iaa-cars-2015-brokers-conference-transcript?part=single
23,,https://seekingalpha.com/article/3482516-ford-motor-f-august-2015-u-s-sales-conference-call-transcript?part=single
24,https://seekingalpha.com/article/3365445-ford-motors-f-ceo-mark-fields-on-q2-2015-results-earnings-call-transcript?part=single,
25,https://seekingalpha.com/article/3234516-ford-f-presents-at-deutsche-bank-global-industrials-and-basic-materials-conference-transcript?part=single,
26,https://seekingalpha.com/article/3112126-ford-motors-f-ceo-mark-fields-discusses-q1-2015-results-earnings-call-transcript?part=single,
27,https://seekingalpha.com/article/3105476-ford-motor-f-q1-2015-results-earnings-call-webcast?part=single,
28,https://seekingalpha.com/article/3046366-ford-f-presents-at-bank-of-america-merrill-lynch-2015-new-york-auto-summit-transcript?part=single,
29,https://seekingalpha.com/article/3045506-ford-motor-f-march-2015-u-s-sales-conference-call-transcript?part=single,
30,https://seekingalpha.com/article/2969826-ford-motor-f-february-2015-u-s-sales-conference-call-transcript?part=single,
31,https://seekingalpha.com/article/2864556-fords-f-ceo-mark-fields-on-q4-2014-results-earnings-call-transcript?part=single,
32,https://seekingalpha.com/article/2859976-ford-motor-f-q4-2014-results-earnings-call-webcast?part=single,
33,https://seekingalpha.com/article/2725245-ford-motors-f-management-hosts-november-2014-u-s-sales-conference-call-transcript?part=single,
34,https://seekingalpha.com/article/2696285-ford-motor-company-f-presents-at-2014-barclays-global-automotive-conference-transcript?part=single,
35,https://seekingalpha.com/article/2596675-ford-motor-companys-f-ceo-mark-fields-on-q3-2014-results-earnings-call-transcript?part=single,
36,https://seekingalpha.com/article/2591135-ford-motor-f-q3-2014-results-earnings-call-webcast?part=single,
37,https://seekingalpha.com/article/2534355-fords-management-hosts-september-2014-u-s-sales-conference-transcript?part=single,
38,https://seekingalpha.com/article/2496975-ford-motor-company-f-presents-at-morgan-stanley-laguna-conference-transcript?part=single,
39,https://seekingalpha.com/article/2468815-ford-motors-f-august-2014-u-s-sales-conference-call-transcript?part=single,
40,https://seekingalpha.com/article/2339505-ford-motor-company-f-ceo-mark-fields-discusses-q2-2014-results-earnings-call-transcript?part=single,
41,https://seekingalpha.com/article/2334065-q3-2014-ford-motor-co-earnings-conference-call-webcast?part=single,
42,https://seekingalpha.com/article/2253503-ford-motor-company-management-presents-at-deutsche-bank-global-industrials-and-basic-materials-conference-transcript?part=single,
43,https://seekingalpha.com/article/2251003-ford-motors-f-may-2014-u-s-sales-conference-call-transcript?part=single,
44,,https://seekingalpha.com/article/2166083-ford-motors-ceo-discusses-q1-2014-results-earnings-call-transcript?part=single
45,,https://seekingalpha.com/article/2163173-ford-motor-f-q2-2014-results-results-earnings-call-webcast?part=single
46,https://seekingalpha.com/article/2063813-fords-management-hosts-february-2014-u-s-sales-conference-call-transcript?part=single,
47,https://seekingalpha.com/article/1989231-fords-management-hosts-january-2014-u-s-sales-conference-transcript?part=single,
48,https://seekingalpha.com/article/1973261-fords-ceo-discusses-q4-2013-results-earnings-call-transcript?part=single,
49,https://seekingalpha.com/article/1965401-q1-2014-ford-motor-co-earnings-conference-call-webcast?part=single,
50,https://seekingalpha.com/article/1905771-fords-management-hosts-year-end-update-conference-transcript?part=single,
51,https://seekingalpha.com/article/1874381-ford-motors-management-presents-at-november-2013-u-s-sales-conference-transcript?part=single,
52,https://seekingalpha.com/article/1798872-ford-motor-management-presents-october-2013-sales-conference-transcript?part=single,
53,https://seekingalpha.com/article/1769212-ford-motor-company-ceo-discusses-q3-2013-results-earnings-call-transcript?part=single,
54,https://seekingalpha.com/article/1766712-ford-motor-company-discusses-q3-2013-results-webcast?part=single,
55,https://seekingalpha.com/article/1723492-ford-motor-companys-management-presents-at-september-2013-sales-conference-call-transcript?part=single,
56,https://seekingalpha.com/article/1698942-ford-motors-management-presents-at-citi-2013-us-and-european-industrials-conference-transcript?part=single,
57,https://seekingalpha.com/article/1684302-ford-motors-management-presents-at-mainfirst-auto-iaa-investor-and-analyst-conference-transcript?part=single,
58,https://seekingalpha.com/article/1673902-ford-motor-companys-management-hosts-august-2013-u-s-sales-conference-call-transcript?part=single,
59,https://seekingalpha.com/article/1664002-ford-motor-company-f-august-2013-u-s-sales-conference-call-webcast?part=single,
60,https://seekingalpha.com/article/1601662-ford-motor-companys-management-hosts-july-2013-u-s-sales-call-transcript?part=single,
61,https://seekingalpha.com/article/1568432-ford-motor-company-f-ceo-discusses-q2-2013-results-earnings-call-transcript?part=single,
62,https://seekingalpha.com/article/1566912-ford-motor-company-f-management-discusses-q2-2013-results-webcast?part=single,
63,https://seekingalpha.com/article/1531792-ford-motors-management-presents-at-june-2013-u-s-sales-conference-transcript?part=single,
64,https://seekingalpha.com/article/1502982-fords-management-hosts-discussion-of-details-of-2012-13-sustainability-report-conference-transcript?part=single,
65,https://seekingalpha.com/article/1500942-ford-motor-companys-management-presents-at-deutsche-bank-global-industrials-and-basic-materials-conference-transcript?part=single,
66,,https://seekingalpha.com/article/1422761-ford-motors-ceo-presents-at-2013-annual-meeting-of-shareholders-conference-transcript?part=single
67,,https://seekingalpha.com/article/1390901-ford-motors-management-presents-at-april-2013-u-s-sales-conference-transcript?part=single
68,https://seekingalpha.com/article/1366281-ford-motor-companys-ceo-discusses-q1-2013-results-earnings-call-transcript?part=single,
69,https://seekingalpha.com/article/1314761-ford-motor-companys-management-hosts-sales-conference-call-transcript?part=single,
70,https://seekingalpha.com/article/1277651-ford-motors-management-hosts-2013-ford-university-conference-transcript?part=single,
71,https://seekingalpha.com/article/1141711-ford-motors-ceo-discusses-q4-2012-results-earnings-call-transcript?part=single,
72,https://seekingalpha.com/article/1093521-ford-motor-company-management-discusses-december-2012-u-s-sales-transcript?part=single,
73,https://seekingalpha.com/article/1041551-ford-motors-management-hosts-u-s-sales-conference-call-transcript?part=single,
74,https://seekingalpha.com/article/969911-ford-motors-ceo-discusses-q3-2012-results-earnings-call-transcript?part=single,
75,https://seekingalpha.com/article/950271-ford-motor-co-special-call?part=single,
76,https://seekingalpha.com/article/900241-ford-motors-management-presents-september-2012-monthly-sales-sales-call-transcript?part=single,
77,https://seekingalpha.com/article/845421-fords-management-hosts-august-2012-u-s-sales-conference-transcript?part=single,
78,https://seekingalpha.com/article/748391-ford-motors-ceo-discusses-q2-2012-results-earnings-call-transcript?part=single,
79,https://seekingalpha.com/article/631531-ford-motors-management-host-monthly-sales-call-transcript?part=single,
80,https://seekingalpha.com/article/583821-ford-motors-ceo-hosts-57th-annual-meeting-of-shareholders-transcript?part=single,
81,https://seekingalpha.com/article/546831-ford-motors-management-host-monthly-sales-conference-transcript?part=single,
82,https://seekingalpha.com/article/537471-ford-motors-ceo-discusses-q1-2012-results-earnings-call-transcript?part=single,
83,https://seekingalpha.com/article/475711-ford-motors-management-host-sales-trading-statement-call-transcript?part=single,
84,https://seekingalpha.com/article/424331-ford-motors-management-host-ford-university-conference-call-transcript?part=single,
85,https://seekingalpha.com/article/404941-ford-motor-co-sales-trading-statement-call?part=single,
86,https://seekingalpha.com/article/332322-ford-motor-co-jan-2012-sales-trading-statement-call-feb-01-2012?part=single,
87,https://seekingalpha.com/article/322751-ford-motors-ceo-discusses-q4-2011-results-earnings-call-transcript?part=single,
88,,https://seekingalpha.com/article/304184-ford-motor-co-oct-2011-sales-trading-statement-call-nov-01-2011?part=single
89,,https://seekingalpha.com/article/302387-ford-motors-ceo-discusses-q3-2011-results-earnings-call-transcript?part=single
90,https://seekingalpha.com/article/300828-ford-motor-co-special-call?part=single,
91,https://seekingalpha.com/article/297303-ford-motor-co-sep-2011-sales-trading-statement-call-oct-03-2011?part=single,
92,https://seekingalpha.com/article/286687-ford-motor-co-jul-2011-sales-trading-statement-call?part=single,
93,https://seekingalpha.com/article/281946-ford-motors-ceo-discusses-q2-2011-results-earnings-call-transcript?part=single,
94,https://seekingalpha.com/article/265588-ford-motors-ceo-discusses-q1-2011-results-earnings-call-transcript?part=single,
95,https://seekingalpha.com/article/249467-ford-motor-company-ceo-discusses-q4-2010-earnings-call-transcript?part=single,
96,https://seekingalpha.com/article/232392-ford-motor-ceo-discusses-q3-2010-results-earnings-call-transcript?part=single,
97,https://seekingalpha.com/article/216218-ford-motor-co-q2-2010-earnings-call-transcript?part=single,
98,https://seekingalpha.com/article/201189-ford-motor-company-q1-2010-earnings-call-transcript?part=single,
99,https://seekingalpha.com/article/185137-ford-motor-company-q4-2009-earnings-call-transcript?part=single,
100,https://seekingalpha.com/article/170784-ford-motor-company-q3-2009-earnings-call-transcript?part=single,
101,https://seekingalpha.com/article/150928-ford-motor-co-q2-2009-earnings-call-transcript?part=single,
102,https://seekingalpha.com/article/133049-ford-motor-company-q1-2009-earnings-call-transcript?part=single,
103,https://seekingalpha.com/article/128999-ford-motor-company-march-sales-call-transcript?part=single,
104,https://seekingalpha.com/article/117486-ford-motor-company-q4-2008-fixed-income-earnings-call-transcript?part=single,
105,https://seekingalpha.com/article/117483-ford-motor-company-q4-2008-earnings-call-transcript?part=single,
106,https://seekingalpha.com/article/113286-ford-motor-company-december-sales-call-transcript?part=single,
107,https://seekingalpha.com/article/104838-ford-motor-company-q3-2008-earnings-call-transcript?part=single,
108,https://seekingalpha.com/article/98112-ford-motor-company-sales-call-transcript?part=single,
109,https://seekingalpha.com/article/93791-ford-motor-company-august-2008-u-s-sales-call?part=single,
110,,https://seekingalpha.com/article/87076-ford-motor-company-q2-2008-earnings-call-transcript?part=single
111,,https://seekingalpha.com/article/79940-ford-motor-company-may-2008-sales-call-transcript?part=single
112,https://seekingalpha.com/article/73987-ford-motor-company-q1-2008-earnings-call-transcript?part=single,
113,https://seekingalpha.com/article/70788-ford-motor-company-march-2008-u-s-sales-results-call-transcript?part=single,
114,https://seekingalpha.com/article/69674-ford-motor-company-february-2008-sales-call-transcript?part=single,
115,https://seekingalpha.com/article/61531-ford-motor-co-q4-2007-earnings-call-transcript?part=single,
116,https://seekingalpha.com/article/56251-ford-november-2007-sales-call-transcript?part=single,
117,https://seekingalpha.com/article/53527-ford-q3-2007-earnings-call-transcript?part=single,
118,https://seekingalpha.com/article/42540-ford-q2-2007-earnings-call-transcript?part=single,
119,https://seekingalpha.com/article/33706-ford-motor-q1-2007-earnings-call-transcript?part=single,
120,https://seekingalpha.com/article/25828-ford-january-2007-sales-call-transcript?part=single,
121,https://seekingalpha.com/article/25166-ford-q4-2006-earnings-call-transcript?part=single,
122,https://seekingalpha.com/article/19023-ford-q3-2006-earnings-call-transcript?part=single,
,Link,Failed_Link
0,https://seekingalpha.com/article/4041547-altria-group-mo-q4-2016-results-earnings-call-transcript?part=single,
1,https://seekingalpha.com/article/4015792-altria-group-mo-q3-2016-results-earnings-call-transcript?part=single,
2,https://seekingalpha.com/article/4004705-altria-group-mo-management-presents-barclays-2016-consumer-staples-conference-transcript?part=single,
3,https://seekingalpha.com/article/3992118-altria-group-mo-martin-j-barrington-q2-2016-results-earnings-call-transcript?part=single,
4,https://seekingalpha.com/article/3969395-altria-group-mo-martin-j-barrington-q1-2016-results-earnings-call-transcript?part=single,
5,https://seekingalpha.com/article/3968892-altria-group-mo-q1-2016-results-earnings-call-webcast?part=single,
6,https://seekingalpha.com/article/3843306-altria-groups-mo-ceo-marty-barrington-q4-2015-results-earnings-call-transcript?part=single,
7,https://seekingalpha.com/article/3840216-altria-group-mo-q4-2015-results-earnings-call-webcast?part=single,
8,https://seekingalpha.com/article/3620156-altria-group-mo-martin-j-barrington-q3-2015-results-earnings-call-transcript?part=single,
9,https://seekingalpha.com/article/3618436-altria-group-mo-q3-2015-results-earnings-call-webcast?part=single,
10,https://seekingalpha.com/article/3500496-altria-group-mo-management-presents-barclays-global-consumer-staples-conference-transcript?part=single,
11,,https://seekingalpha.com/article/3369675-altria-group-mo-martin-j-barrington-on-q2-2015-results-earnings-call-transcript?part=single
12,,https://seekingalpha.com/article/3368435-altria-group-mo-q2-2015-results-earnings-call-webcast?part=single
13,https://seekingalpha.com/article/3278825-altria-groups-mo-ceo-marty-barrington-hosts-2015-investor-day-transcript?part=single,
14,https://seekingalpha.com/article/3200216-altrias-mo-ceo-marty-barrington-hosts-2015-annual-shareholders-meeting-transcript?part=single,
15,https://seekingalpha.com/article/3095216-altria-groups-mo-ceo-marty-barrington-on-q1-2015-results-earnings-call-transcript?part=single,
16,https://seekingalpha.com/article/3092056-altria-group-mo-q1-2015-results-earnings-call-webcast?part=single,
17,https://seekingalpha.com/article/2928246-altria-groups-mo-ceo-marty-barrington-presents-at-cagny-2015-conference-transcript?part=single,
18,https://seekingalpha.com/article/2870396-altria-groups-mo-ceo-marty-barrington-on-q4-2014-results-earnings-call-transcript?part=single,
19,https://seekingalpha.com/article/2865576-altria-group-mo-q4-2014-results-earnings-call-webcast?part=single,
20,https://seekingalpha.com/article/2618105-altria-groups-mo-ceo-marty-barrington-on-q3-2014-results-earnings-call-transcript?part=single,
21,https://seekingalpha.com/article/2616145-altria-group-mo-q3-2014-results-earnings-call-webcast?part=single,
22,https://seekingalpha.com/article/2468925-altria-group-mo-presents-at-barclays-back-to-school-consumer-conference-transcript?part=single,
23,https://seekingalpha.com/article/2330495-altrias-mo-ceo-marty-barrington-on-q2-2014-results-earnings-call-transcript?part=single,
24,https://seekingalpha.com/article/2328525-q2-2014-altria-group-inc-earnings-conference-call-webcast?part=single,
25,https://seekingalpha.com/article/2162493-altria-groups-ceo-discusses-q1-2014-results-earnings-call-transcript?part=single,
26,https://seekingalpha.com/article/2158733-altria-group-mo-q1-2014-results-results-earnings-call-webcast?part=single,
27,https://seekingalpha.com/article/2032061-altria-groups-ceo-presents-at-cagny-2014-conference-transcript?part=single,
28,https://seekingalpha.com/article/1980631-altria-groups-ceo-discusses-q4-2013-results-earnings-call-transcript?part=single,
29,https://seekingalpha.com/article/1978031-q4-2013-altria-group-inc-earnings-conference-call-webcast?part=single,
30,https://seekingalpha.com/article/1768972-altria-groups-ceo-discusses-q3-2013-results-earnings-call-transcript?part=single,
31,https://seekingalpha.com/article/1766722-altria-group-inc-discusses-q3-2013-results-webcast?part=single,
32,https://seekingalpha.com/article/1670322-altria-group-management-presents-at-barclays-back-to-school-consumer-conference-transcript?part=single,
33,https://seekingalpha.com/article/1564242-altria-group-inc-mo-ceo-discusses-q2-2013-results-earnings-call-transcript?part=single,
34,,https://seekingalpha.com/article/1563412-altria-group-inc-mo-management-discusses-q2-2013-results-webcast?part=single
35,,https://seekingalpha.com/article/1495702-altrias-ceo-hosts-2013-investor-day-conference-transcript?part=single
36,https://seekingalpha.com/article/1442331-altria-groups-ceo-hosts-annual-meeting-of-shareholders-transcript?part=single,
37,https://seekingalpha.com/article/1371281-altria-group-management-discusses-q1-2013-results-earnings-call-transcript?part=single,
38,https://seekingalpha.com/article/1147271-altria-groups-ceo-discusses-q4-2012-results-earnings-call-transcript?part=single,
39,https://seekingalpha.com/article/949731-altria-groups-ceo-discusses-q3-2012-results-earnings-call-transcript?part=single,
40,https://seekingalpha.com/article/743791-altria-groups-ceo-discusses-q2-2012-results-earnings-call-transcript?part=single,
41,https://seekingalpha.com/article/531601-altria-groups-ceo-discusses-q1-2012-results-earnings-call-transcript?part=single,
42,https://seekingalpha.com/article/322707-altria-groups-ceo-discusses-q4-2011-results-earnings-call-transcript?part=single,
43,https://seekingalpha.com/article/302794-altria-groups-ceo-discusses-q3-2011-results-earnings-call-transcript?part=single,
44,https://seekingalpha.com/article/280485-altria-groups-ceo-discusses-q2-2011-results-earnings-call-transcript?part=single,
45,https://seekingalpha.com/article/264492-altria-groups-ceo-discusses-q1-2011-results-earnings-call-transcript?part=single,
46,https://seekingalpha.com/article/249105-altria-groups-ceo-discusses-q4-2010-results-earnings-call-transcript?part=single,
47,https://seekingalpha.com/article/231139-altria-group-ceo-discusses-q3-2010-results-earnings-call-transcript?part=single,
48,https://seekingalpha.com/article/215756-altria-group-inc-q2-2010-earnings-call-transcript?part=single,
49,https://seekingalpha.com/article/200009-altria-group-inc-q1-2010-earnings-call-transcript?part=single,
50,https://seekingalpha.com/article/185199-altria-group-inc-q4-2009-earnings-conference-call-transcript?part=single,
51,https://seekingalpha.com/article/167955-altria-group-q3-2009-earnings-call-transcript?part=single,
52,https://seekingalpha.com/article/150564-altria-group-inc-q2-2009-earnings-call-transcript?part=single,
53,https://seekingalpha.com/article/132408-altria-group-inc-q1-2009-earnings-call-transcript?part=single,
54,https://seekingalpha.com/article/117396-altria-group-inc-q4-2008-earnings-call-transcript?part=single,
55,https://seekingalpha.com/article/101521-altria-group-inc-q3-2008-earnings-call-transcript?part=single,
56,,https://seekingalpha.com/article/94714-altria-group-inc-agrees-to-acquire-ust-inc?part=single
57,,https://seekingalpha.com/article/88456-altria-group-inc-q2-2008-earnings-call?part=single
58,https://seekingalpha.com/article/73954-altria-group-inc-q1-2008-earnings-call-transcript?part=single,
59,https://seekingalpha.com/article/62359-altria-group-inc-q4-2007-earnings-call-transcript?part=single,
60,https://seekingalpha.com/article/50232-altria-group-q3-2007-earnings-call-transcript?part=single,
61,https://seekingalpha.com/article/41479-altria-group-q2-2007-earnings-call-transcript?part=single,
62,https://seekingalpha.com/article/19307-altria-group-q3-2006-earnings-call-transcript?part=single,
,Link,Failed_Link
0,https://seekingalpha.com/article/4041208-xerox-corporations-xrx-ceo-jeff-jacobson-q4-2016-results-earnings-call-transcript?part=single,
1,https://seekingalpha.com/article/4040964-xerox-corporation-2016-q4-results-earnings-call-slides?part=single,
2,https://seekingalpha.com/article/4016626-xerox-corporation-2016-q3-results-earnings-call-slides?part=single,
3,https://seekingalpha.com/article/4016627-xerox-corporations-xrx-ceo-ursula-burns-q3-2016-results-earnings-call-transcript?part=single,
4,https://seekingalpha.com/article/3993363-xeroxs-xrx-ceo-ursula-burns-q2-2016-results-earnings-call-transcript?part=single,
5,https://seekingalpha.com/article/3967880-xerox-xrx-ursula-m-burns-q1-2016-results-earnings-call-transcript?part=single,
6,https://seekingalpha.com/article/3967134-xerox-xrx-q1-2016-results-earnings-call-webcast?part=single,
7,https://seekingalpha.com/article/3848516-xeroxs-xrx-ceo-ursula-burns-q4-2015-results-earnings-call-transcript?part=single,
8,https://seekingalpha.com/article/3844786-xerox-xrx-q4-2015-results-earnings-call-webcast?part=single,
9,https://seekingalpha.com/article/3603936-xeroxs-xrx-ceo-ursula-burns-q3-2015-results-earnings-call-transcript?part=single,
10,https://seekingalpha.com/article/3595356-xerox-xrx-q3-2015-results-earnings-call-webcast?part=single,
11,https://seekingalpha.com/article/3355505-xeroxs-xrx-ceo-ursula-burns-on-q2-2015-results-earnings-call-transcript?part=single,
12,https://seekingalpha.com/article/3100766-xerox-xrx-ursula-m-burns-on-q1-2015-results-earnings-call-transcript?part=single,
13,https://seekingalpha.com/article/3097036-xerox-xrx-q1-2015-results-earnings-call-webcast?part=single,
14,https://seekingalpha.com/article/2869986-xerox-corps-xrx-ceo-ursula-burns-on-q4-2014-results-earnings-call-transcript?part=single,
15,,https://seekingalpha.com/article/2865806-xerox-xrx-q4-2014-results-earnings-call-webcast?part=single
16,,https://seekingalpha.com/article/2585425-xeroxs-xrx-ceo-ursula-burns-on-q3-2014-results-earnings-call-transcript?part=single
17,https://seekingalpha.com/article/2580395-xerox-xrx-q3-2014-results-earnings-call-webcast?part=single,
18,https://seekingalpha.com/article/2344205-xeroxs-xrx-ceo-ursula-burns-on-q2-2014-results-earnings-call-transcript?part=single,
19,https://seekingalpha.com/article/2340295-q2-2014-xerox-corp-earnings-conference-call-webcast?part=single,
20,https://seekingalpha.com/article/2154923-xeroxs-ceo-discusses-q1-2014-results-earnings-call-transcript?part=single,
21,https://seekingalpha.com/article/2147063-xerox-xrx-q1-2014-results-results-earnings-call-webcast?part=single,
22,https://seekingalpha.com/article/1966801-xerox-management-discusses-q4-2013-results-earnings-call-transcript?part=single,
23,https://seekingalpha.com/article/1962581-q4-2013-xerox-corp-earnings-conference-call-webcast?part=single,
24,https://seekingalpha.com/article/1892191-xerox-corporations-management-presents-at-bmo-technology-media-and-entertainment-conference-transcript?part=single,
25,https://seekingalpha.com/article/1769372-xerox-management-discusses-q3-2013-results-earnings-call-transcript?part=single,
26,https://seekingalpha.com/article/1765582-xerox-corporation-discusses-q3-2013-results-webcast?part=single,
27,https://seekingalpha.com/article/1689152-xeroxs-management-discusses-at-deutsche-bank-dbaccess-technology-conference-transcript?part=single,
28,https://seekingalpha.com/article/1687092-xerox-xrx-at-deutsche-bank-dbaccess-technology-conference-webcast?part=single,
29,https://seekingalpha.com/article/1669892-xeroxs-ceo-presents-at-citi-2013-global-technology-conference-special-call-transcript?part=single,
30,https://seekingalpha.com/article/1572022-xerox-corporation-xrx-management-discusses-q2-2013-results-earnings-call-transcript?part=single,
31,https://seekingalpha.com/article/1570782-xerox-corporation-xrx-management-discusses-q2-2013-results-webcast?part=single,
32,https://seekingalpha.com/article/1457381-xeroxs-management-presents-at-barclays-global-technology-media-and-telecommunications-conference-transcript?part=single,
33,https://seekingalpha.com/article/1450091-xerox-corporation-shareholder-analyst-call?part=single,
34,https://seekingalpha.com/article/1362211-xerox-management-discusses-q1-2013-results-earnings-call-transcript?part=single,
35,https://seekingalpha.com/article/1257971-xeroxs-management-hosts-healthcare-services-analyst-day-transcript?part=single,
36,https://seekingalpha.com/article/1190871-xerox-corp-presents-at-goldman-sachs-technology-and-internet-conference-2013-febminus-12minus-2013-02-00-pm?part=single,
37,,https://seekingalpha.com/article/1131251-xerox-management-discusses-q4-2012-results-earnings-call-transcript?part=single
38,,https://seekingalpha.com/article/943311-xerox-management-discusses-q3-2012-results-earnings-call-transcript?part=single
39,https://seekingalpha.com/article/736481-xerox-management-discusses-q2-2012-results-earnings-call-transcript?part=single,
40,https://seekingalpha.com/article/518921-xeroxs-ceo-discusses-q1-2012-results-earnings-call-transcript?part=single,
41,https://seekingalpha.com/article/322044-xeroxs-ceo-discusses-q4-2011-results-earnings-call-transcript?part=single,
42,https://seekingalpha.com/article/301992-xeroxs-ceo-discusses-q3-2011-results-earnings-call-transcript?part=single,
43,https://seekingalpha.com/article/281241-xeroxs-ceo-discusses-q2-2011-results-earnings-call-transcript?part=single,
44,https://seekingalpha.com/article/264895-xeroxs-ceo-discusses-q1-2011-results-earnings-call-transcript?part=single,
45,https://seekingalpha.com/article/248810-xeroxs-ceo-discusses-q4-2010-results-earnings-call-transcript?part=single,
46,https://seekingalpha.com/article/216032-xerox-q2-2010-earnings-call-transcript?part=single,
47,https://seekingalpha.com/article/200566-xerox-corporation-q1-2010-earnings-call-transcript?part=single,
48,https://seekingalpha.com/article/183714-xerox-corporation-q4-2009-earnings-call-transcript?part=single,
49,https://seekingalpha.com/article/150964-xerox-corporation-q2-2009-earnings-call-transcript?part=single,
50,https://seekingalpha.com/article/133009-xerox-corporation-f1q09-earnings-call-transcript?part=single,
51,https://seekingalpha.com/article/116231-xerox-corporation-q4-2008-earnings-call-transcript?part=single,
52,https://seekingalpha.com/article/101595-xerox-corporation-q3-earnings-call-transcript?part=single,
53,https://seekingalpha.com/article/86883-xerox-q2-2008-earnings-call-transcript?part=single,
54,https://seekingalpha.com/article/72953-xerox-q1-2008-earnings-call-transcript?part=single,
55,https://seekingalpha.com/article/61519-xerox-corporation-q4-2007-earnings-call-transcript?part=single,
56,https://seekingalpha.com/article/50603-xerox-q3-2007-earnings-call-transcript?part=single,
57,https://seekingalpha.com/article/42331-xerox-q2-2007-earnings-call-transcript?part=single,
58,https://seekingalpha.com/article/32979-xerox-q1-2007-earnings-call-transcript?part=single,
59,,https://seekingalpha.com/article/24886-xerox-q4-2006-earnings-call-transcript?part=single
60,,https://seekingalpha.com/article/19025-xerox-q3-2006-earnings-call-transcript?part=single
61,https://seekingalpha.com/article/14261-xerox-q2-2006-earnings-conference-call-transcript-xrx?part=single,
62,https://seekingalpha.com/article/9404-xerox-corporation-q1-2006-earnings-conference-call-transcript-xrx?part=single,
63,https://seekingalpha.com/article/6293-xerox-q4-2005-earnings-conference-call-transcript-xrx?part=single,
,Link,Failed_Link
0,https://seekingalpha.com/article/4037714-goldman-sachs-groups-gs-q4-2016-results-earnings-call-transcript?part=single,
1,https://seekingalpha.com/article/4023628-goldman-sachs-gs-presents-bank-america-merrill-lynch-future-financials-2016-broker-conference?part=single,
2,https://seekingalpha.com/article/4012963-goldman-sachs-groups-gs-management-q3-2016-results-earnings-call-transcript?part=single,
3,https://seekingalpha.com/article/3989543-goldman-sachs-groups-gs-q2-2016-results-earnings-call-transcript?part=single,
4,https://seekingalpha.com/article/3978893-goldman-sachs-group-gs-presents-deutsche-bank-global-financial-services-brokers-transcript?part=single,
5,https://seekingalpha.com/article/3966310-goldman-sachs-group-gs-q1-2016-results-earnings-call-transcript?part=single,
6,https://seekingalpha.com/article/3821986-goldman-sachs-group-gs-q4-2015-results-earnings-call-transcript?part=single,
7,https://seekingalpha.com/article/3692566-goldman-sachs-group-gs-presents-bank-america-merrill-lynch-banking-and-financial-services?part=single,
8,https://seekingalpha.com/article/3575896-goldman-sachs-groups-gs-management-presents-q3-2015-results-earnings-call-transcript?part=single,
9,https://seekingalpha.com/article/3331805-the-goldman-sachs-group-gs-q2-2015-results-earnings-call-transcript?part=single,
10,https://seekingalpha.com/article/3075726-goldman-sachs-gs-management-on-q1-2015-results-earnings-call-transcript?part=single,
11,https://seekingalpha.com/article/2866296-goldman-sachs-groups-gs-management-presents-at-fixed-income-investor-conference-transcript?part=single,
12,https://seekingalpha.com/article/2827956-goldman-sachs-gs-q4-2014-results-earnings-call-transcript?part=single,
13,https://seekingalpha.com/article/2674315-goldman-sachs-group-gs-presents-at-bank-of-america-merrill-lynch-banking-and-financial-services-conference-transcript?part=single,
14,https://seekingalpha.com/article/2567955-goldman-sachs-gs-q3-2014-results-earnings-call-transcript?part=single,
15,https://seekingalpha.com/article/2316585-the-goldman-sachs-group-gs-q2-2014-results-earnings-call-transcript?part=single,
16,https://seekingalpha.com/article/2184093-the-goldman-sachs-groups-management-hosts-fixed-income-investor-conference-transcript?part=single,
17,,https://seekingalpha.com/article/2148283-goldman-sachs-groups-management-discusses-q1-2014-results-earnings-call-transcript?part=single
18,,https://seekingalpha.com/article/1949801-the-goldman-sachs-groups-management-discusses-q4-2013-results-earnings-call-transcript?part=single
19,https://seekingalpha.com/article/1812792-goldman-sachs-groups-ceo-hosts-fixed-income-investor-conference-transcript?part=single,
20,https://seekingalpha.com/article/1751392-goldman-sachs-management-discusses-q3-2013-results-earnings-call-transcript?part=single,
21,https://seekingalpha.com/article/1551182-goldman-sachs-group-inc-gs-management-discusses-q2-2013-results-earnings-call-transcript?part=single,
22,https://seekingalpha.com/article/1470691-the-goldman-sachs-groups-management-presents-at-sanford-c-bernsteins-strategic-decisions-conference-2013-transcript?part=single,
23,https://seekingalpha.com/article/1458821-the-goldman-sachs-ceo-hosts-the-annual-shareholders-meeting-conference-transcript?part=single,
24,https://seekingalpha.com/article/1344981-goldman-sachs-groups-ceo-discusses-q1-2013-results-earnings-call-transcript?part=single,
25,https://seekingalpha.com/article/1128071-goldman-sachs-groups-management-presents-at-fixed-income-investor-conference-transcript?part=single,
26,https://seekingalpha.com/article/1115751-the-goldman-sachs-group-management-discusses-q4-2012-results-earnings-call-transcript?part=single,
27,https://seekingalpha.com/article/927231-the-goldman-sachs-group-management-discusses-q3-2012-results-earnings-call-transcript?part=single,
28,https://seekingalpha.com/article/726611-the-goldman-sachs-group-management-discusses-q2-2012-results-earnings-call-transcript?part=single,
29,https://seekingalpha.com/article/504051-the-goldman-sachs-group-management-discusses-q1-2012-results-earnings-call-transcript?part=single,
30,https://seekingalpha.com/article/320340-the-goldman-sachs-group-management-discusses-q4-2011-results-earnings-call-transcript?part=single,
31,https://seekingalpha.com/article/300312-the-goldman-sachs-group-management-discusses-q3-2011-results-earnings-call-transcript?part=single,
32,https://seekingalpha.com/article/280266-the-goldman-sachs-group-management-discusses-q2-2011-results-earnings-call-jul-19-2011-transcript?part=single,
33,https://seekingalpha.com/article/264252-the-goldman-sachs-group-management-discusses-q1-2011-results-earnings-call-apr-19-2011-transcript?part=single,
34,https://seekingalpha.com/article/247478-the-goldman-sachs-group-management-discusses-q4-2010-results-earnings-call-transcript?part=single,
35,https://seekingalpha.com/article/230943-goldman-sachs-group-inc-management-discusses-q3-2010-results-earnings-call-transcript?part=single,
36,https://seekingalpha.com/article/199776-the-goldman-sachs-group-inc-q1-2010-earnings-call-transcript?part=single,
37,https://seekingalpha.com/article/183723-the-goldman-sachs-group-inc-q4-2009-earnings-call-transcript?part=single,
38,https://seekingalpha.com/article/166780-the-goldman-sachs-group-inc-f3q09-qtr-end-09-25-09-earnings-call-transcript?part=single,
39,,https://seekingalpha.com/article/148762-the-goldman-sachs-group-inc-q2-2009-qtr-end-06-26-09-earnings-call-transcript?part=single
40,,https://seekingalpha.com/article/130909-the-goldman-sachs-group-inc-f1q09-qtr-end-3-27-09-earnings-call-transcript?part=single
41,https://seekingalpha.com/article/111023-the-goldman-sachs-group-inc-f4q08-qtr-end-11-28-08-earnings-call-transcript?part=single,
42,https://seekingalpha.com/article/95792-the-goldman-sachs-group-inc-f3q08-qtr-end-08-29-08-earnings-call-transcript?part=single,
43,https://seekingalpha.com/article/81687-goldman-sachs-group-inc-f2q08-qtr-end-05-30-08-earnings-call-transcript?part=single,
44,https://seekingalpha.com/article/69098-the-goldman-sachs-group-inc-f1q08-qtr-end-2-29-08-earnings-call-transcript?part=single,
45,https://seekingalpha.com/article/57740-goldman-sachs-f4q07-qtr-end-11-30-07-earnings-call-transcript?part=single,
46,https://seekingalpha.com/article/47819-goldman-sachs-f3q07-qtr-end-8-31-07-earnings-call-transcript?part=single,
47,https://seekingalpha.com/article/38392-goldman-sachs-f2q07-qtr-end-5-25-07-earnings-call-transcript?part=single,
48,https://seekingalpha.com/article/29467-goldman-sachs-f1q07-qtr-end-2-23-07-earnings-call-transcript?part=single,
49,https://seekingalpha.com/article/22280-goldman-sachs-f4q06-qtr-end-11-24-06-earnings-call-transcript?part=single,
50,https://seekingalpha.com/article/16756-goldman-sachs-f3q06-qtr-end-08-25-06-earnings-call-transcript-gs?part=single,
,Link,Failed_Link
0,https://seekingalpha.com/article/4047788-hsbc-holdings-plc-hsbc-q4-2016-results-earnings-call-transcript?part=single,
1,https://seekingalpha.com/article/4047766-hsbc-holdings-plc-2016-q4-results-earnings-call-slides?part=single,
2,https://seekingalpha.com/article/4020924-hsbc-holdings-hsbc-stuart-thomson-gulliver-q3-2016-results-earnings-call-transcript?part=single,
3,https://seekingalpha.com/article/4020610-hsbc-holdings-plc-2016-q3-results-earnings-call-slides?part=single,
4,https://seekingalpha.com/article/4020611-hsbc-holdings-plc-2016-q3-results-earnings-call-slides?part=single,
5,https://seekingalpha.com/article/3995127-hsbc-holdings-plc-hsbc-stuart-thomson-gulliver-q2-2016-results-earnings-call-transcript?part=single,
6,https://seekingalpha.com/article/3970588-hsbc-holdings-plc-hsbc-stuart-thomson-gulliver-q1-2016-results-earnings-call-transcript?part=single,
7,https://seekingalpha.com/article/3916366-hsbc-holdings-hsbc-ceo-stuart-gulliver-q4-2015-results-earnings-call-transcript?part=single,
8,https://seekingalpha.com/article/3632686-hsbc-holdings-hsbc-stuart-gulliver-q3-2015-results-earnings-call-transcript?part=single,
9,https://seekingalpha.com/article/3390375-hsbc-holdings-plc-hsbc-stuart-thomson-gulliver-on-q2-2015-results-earnings-call-transcript?part=single,
10,https://seekingalpha.com/article/3140506-hsbc-holdings-hsbc-ceo-stuart-gulliver-on-q1-2015-results-earnings-call-transcript?part=single,
11,https://seekingalpha.com/article/2941386-hsbc-holdings-hsbc-ceo-stuart-gulliver-on-q4-2014-results-earnings-call-transcript?part=single,
12,https://seekingalpha.com/article/2663625-hsbc-holdings-hsbc-q3-2014-results-interim-management-statement-call-transcript?part=single,
13,https://seekingalpha.com/article/2378025-hsbc-holdings-hsbc-ceo-stuart-gulliver-on-q2-2014-results-earnings-call-transcript?part=single,
14,,https://seekingalpha.com/article/2044173-hsbc-holdings-management-discusses-q4-2013-results-earnings-call-transcript?part=single
15,,https://seekingalpha.com/article/1802252-hsbc-holdings-ceo-discusses-q3-2013-results-earnings-call-transcript?part=single
16,https://seekingalpha.com/article/1604152-hsbc-holdings-management-discusses-h1-2013-results-earnings-call-transcript?part=single,
17,https://seekingalpha.com/article/1460211-hsbc-holdings-ceo-hosts-2013-annual-general-meeting-transcript?part=single,
18,https://seekingalpha.com/article/1444501-hsbc-holdings-plc-special-call?part=single,
19,https://seekingalpha.com/article/1408621-hsbc-holdings-management-discusses-q1-2013-results-interim-management-statement-call-transcript?part=single,
20,https://seekingalpha.com/article/1244271-hsbc-holdings-management-discusses-q4-2012-results-earnings-call-transcript?part=single,
21,https://seekingalpha.com/article/978521-hsbc-holdings-management-discusses-q3-2012-results-earnings-call-transcript?part=single,
22,https://seekingalpha.com/article/761941-hsbc-holdings-management-discuss-q2-2012-h1-2012-results-earnings-call-transcript?part=single,
23,https://seekingalpha.com/article/569061-hsbc-holdings-ceo-discusses-q1-2012-results-interim-management-statement-call-transcript?part=single,
24,https://seekingalpha.com/article/394691-hsbc-holdings-plcs-ceo-discusses-q4-2011-and-full-year-2011-results-earnings-call-transcript?part=single,
25,https://seekingalpha.com/article/309460-hsbc-holdings-plc-shareholder-analyst-call?part=single,
26,https://seekingalpha.com/article/306633-hsbc-holdings-plcs-ceo-discusses-q3-2011-results-earnings-call-transcript?part=single,
27,https://seekingalpha.com/article/283642-hsbc-holdings-plc-management-discusses-q2-2011-results-earnings-call-transcript?part=single,
28,https://seekingalpha.com/article/42901-hsbc-holdings-plc-q2-2007-earnings-call-transcript?part=single,
,Link,Failed_Link
0,https://seekingalpha.com/article/4051396-jpmorgan-jpm-investor-presentation-slideshow?part=single,
1,https://seekingalpha.com/article/4036816-jpmorgan-chase-jpm-ceo-jamie-dimon-q4-2016-results-earnings-call-transcript?part=single,
2,https://seekingalpha.com/article/4036725-jpmorgan-chase-and-co-2016-q4-results-earnings-call-slides?part=single,
3,https://seekingalpha.com/article/4028608-jpmorgan-chases-jpm-ceo-jamie-dimon-presents-goldman-sachs-us-financial-services-conference?part=single,
4,https://seekingalpha.com/article/4023710-jpmorgan-chase-jpm-presents-bank-america-merrill-lynch-banking-and-financial-services-brokers?part=single,
5,https://seekingalpha.com/article/4012211-jpmorgan-chase-jpm-q3-2016-results-earnings-call-transcript?part=single,
6,https://seekingalpha.com/article/4012104-jpmorgan-chase-and-co-2016-q3-results-earnings-call-slides?part=single,
7,https://seekingalpha.com/article/4005725-jpmorgan-chases-jpm-management-presents-barclays-global-financial-services-conference?part=single,
8,https://seekingalpha.com/article/3988515-jpmorgan-chases-jpm-ceo-jamie-dimon-q2-2016-results-earnings-call-transcript?part=single,
9,https://seekingalpha.com/article/3988370-jpmorgan-chase-and-co-2016-q2-results-earnings-call-slides?part=single,
10,https://seekingalpha.com/article/3981993-jpmorgan-chases-jpm-management-presents-morgan-stanley-financials-conference-transcript?part=single,
11,,https://seekingalpha.com/article/3979579-jpmorgan-chase-and-co-jpm-ceo-jamie-dimon-bernstein-strategic-decisions-conference?part=single
12,,https://seekingalpha.com/article/3979193-jpmorgan-chase-management-presents-deutsche-bank-global-financial-services-conference?part=single
13,https://seekingalpha.com/article/3975795-jpmorgan-chases-jpm-ceo-jamie-dimon-hosts-2016-annual-meeting-shareholders-transcript?part=single,
14,https://seekingalpha.com/article/3965127-jpmorgan-chase-and-co-jpm-jamie-dimon-q1-2016-results-earnings-call-transcript?part=single,
15,https://seekingalpha.com/article/3964906-jpmorgan-chase-and-co-jpm-q1-2016-results-earnings-call-webcast?part=single,
16,https://seekingalpha.com/article/3811196-jpmorgan-chases-jpm-ceo-jamie-dimon-q4-2015-results-earnings-call-transcript?part=single,
17,https://seekingalpha.com/article/3749606-jpmorgan-chase-and-co-jpm-q4-2015-results-earnings-call-webcast?part=single,
18,https://seekingalpha.com/article/3742226-jpmorgans-management-presents-goldman-sachs-u-s-financial-services-broker-conference?part=single,
19,https://seekingalpha.com/article/3693536-jpmorgan-chases-jpm-management-presents-bank-america-merrill-lynch-banking-financial-services?part=single,
20,https://seekingalpha.com/article/3570266-jpmorgan-chase-and-co-s-jpm-ceo-jamie-dimon-q3-2015-results-earnings-call-transcript?part=single,
21,https://seekingalpha.com/article/3499886-jpmorgan-chase-and-co-jpm-q3-2015-results-earnings-call-webcast?part=single,
22,https://seekingalpha.com/article/3521186-jpmorgan-chases-jpm-management-presents-barclays-global-financial-services-brokers-conference?part=single,
23,https://seekingalpha.com/article/3325455-jpmorgan-chases-jpm-ceo-jamie-dimon-on-q2-2015-results-earnings-call-transcript?part=single,
24,https://seekingalpha.com/article/3237236-jpmorgan-chase-and-co-jpm-q2-2015-results-earnings-call-webcast?part=single,
25,https://seekingalpha.com/article/3230406-jpmorgan-chases-jpm-management-presents-at-the-deutsche-bank-global-financial-services-conference-transcript?part=single,
26,https://seekingalpha.com/article/3069636-jpmorgan-chases-jpm-ceo-jamie-dimon-on-q1-2015-results-earnings-call-transcript?part=single,
27,https://seekingalpha.com/article/3030516-jpmorgan-chase-and-co-jpm-q1-2015-results-earnings-call-webcast?part=single,
28,https://seekingalpha.com/article/2823126-jpmorgan-chase-and-co-s-jpm-ceo-jamie-dimon-on-q4-2014-results-earnings-call-transcript?part=single,
29,https://seekingalpha.com/article/2746945-jpmorgan-chase-and-co-jpm-q4-2014-results-earnings-call-webcast?part=single,
30,https://seekingalpha.com/article/2746835-jpmorgan-chase-and-co-s-jpm-management-presents-at-goldman-sachs-u-s-financial-services-conference-transcript?part=single,
31,https://seekingalpha.com/article/2675855-jpmorgan-chases-management-presents-at-bank-of-america-merrill-lynch-banking-and-financial-services-conference-transcript?part=single,
32,https://seekingalpha.com/article/2561865-jpmorgan-chase-and-co-s-jpm-ceo-jamie-dimon-on-q3-2014-results-earnings-call-transcript?part=single,
33,https://seekingalpha.com/article/2472195-jpmorgan-chase-and-co-jpm-q3-2014-results-earnings-call-webcast?part=single,
34,https://seekingalpha.com/article/2316365-jpmorgan-chases-jpm-ceo-jamie-dimon-on-q2-2014-results-earnings-call-transcript?part=single,
35,,https://seekingalpha.com/article/2264093-jpmorgan-chase-and-co-jpm-at-morgan-stanley-financials-conference-transcript?part=single
36,,https://seekingalpha.com/article/2231413-jpmorgan-chases-jpm-management-presents-at-ubs-global-financial-services-conference-transcript?part=single
37,https://seekingalpha.com/article/2137783-jpmorgans-ceo-discusses-q1-2014-results-earnings-call-transcript?part=single,
38,https://seekingalpha.com/article/2131023-jpmorgan-chase-and-co-jpm-q1-2014-results-results-earnings-call-webcast?part=single,
39,https://seekingalpha.com/article/1944961-jpmorgan-chase-ceo-discusses-q4-2013-results-earnings-call-transcript?part=single,
40,https://seekingalpha.com/article/1892671-jpmorgan-chases-ceo-presents-at-goldman-sachs-financial-services-conference-transcript?part=single,
41,https://seekingalpha.com/article/1740982-jpmorgan-chase-ceo-discusses-q3-2013-results-earnings-call-transcript?part=single,
42,https://seekingalpha.com/article/1682582-jpmorgan-chases-cfo-presents-at-barclays-capital-global-financials-conference-transcript?part=single,
43,https://seekingalpha.com/article/1546532-jpmorgan-chase-ceo-discusses-q2-2013-results-earnings-call-transcript?part=single,
44,https://seekingalpha.com/article/1495532-jpmorgan-chases-ceo-presents-at-morgan-stanley-financials-conference-transcript?part=single,
45,https://seekingalpha.com/article/1451931-jpmorgan-chase-and-co-management-hosts-2013-annual-shareholders-meeting-transcript?part=single,
46,https://seekingalpha.com/article/1337711-jpmorgan-chases-ceo-discusses-q1-2013-results-earnings-call-transcript?part=single,
47,https://seekingalpha.com/article/1249571-jpmorgans-management-presents-at-citi-2013-u-s-financial-services-conference-transcript?part=single,
48,https://seekingalpha.com/article/1115551-jpmorgan-chase-ceo-discusses-q4-2012-results-earnings-call-transcript?part=single,
49,https://seekingalpha.com/article/920761-jpmorgan-chases-ceo-discusses-q3-2012-results-earnings-call-transcript?part=single,
50,https://seekingalpha.com/article/719401-jpmorgan-chases-ceo-discusses-q2-2012-results-earnings-call-transcript?part=single,
51,https://seekingalpha.com/article/505581-jpmorgan-chase-and-co-s-ceo-discusses-q1-2012-results-earnings-call-transcript?part=single,
52,https://seekingalpha.com/article/409091-jpmorgan-chase-and-co-analyst-investor-day?part=single,
53,https://seekingalpha.com/article/319546-jpmorgan-chase-and-co-s-ceo-discusses-q4-2011-results-earnings-call-transcript?part=single,
54,https://seekingalpha.com/article/313990-jpmorgan-chase-and-co-presents-at-goldman-sachs-us-financial-services-conference-2011-decminus-07minus-2011-12-25-pm?part=single,
55,https://seekingalpha.com/article/300131-jpmorgan-chases-ceo-discusses-q3-2011-results-earnings-call-transcript?part=single,
56,https://seekingalpha.com/article/279529-jpmorgan-chase-and-co-management-discusses-q2-2011-results-earnings-call-transcript?part=single,
57,https://seekingalpha.com/article/263661-jpmorgan-chase-and-co-s-ceo-discusses-q1-2011-results-earnings-call-transcript?part=single,
58,,https://seekingalpha.com/article/247537-jpmorgan-chase-ceo-discusses-q4-2010-results-earnings-call-transcript?part=single
59,,https://seekingalpha.com/article/229921-jp-morgan-chase-and-co-ceo-discusses-q3-2010-results-earnings-call-transcript?part=single
60,https://seekingalpha.com/article/214689-jpmorgan-chase-and-co-q2-2010-earnings-call-transcript?part=single,
61,https://seekingalpha.com/article/198755-jp-morgan-chase-and-co-q1-2010-earnings-call-transcript?part=single,
62,https://seekingalpha.com/article/182795-jpmorgan-chase-and-co-q4-2009-earnings-call-transcript?part=single,
63,https://seekingalpha.com/article/166578-jpmorgan-chase-and-co-inc-q3-2009-earnings-call-transcript?part=single,
64,https://seekingalpha.com/article/149292-jpmorgan-chase-and-co-q2-2009-qtr-end-06-30-09-earnings-call-transcript?part=single,
65,https://seekingalpha.com/article/131450-jpmorgan-chase-and-co-q1-2009-earnings-call-transcript?part=single,
66,https://seekingalpha.com/article/115738-jpmorgan-chase-and-co-q4-2008-earnings-call-transcript?part=single,
67,https://seekingalpha.com/article/100078-jpmorgan-chase-and-co-f3q08-qtr-end-09-30-08-earnings-call-transcript?part=single,
68,https://seekingalpha.com/article/85535-jpmorgan-chase-and-co-q2-2008-earnings-call-transcript?part=single,
69,https://seekingalpha.com/article/72548-jpmorgan-chase-and-co-q1-2008-earnings-call-transcript?part=single,
70,https://seekingalpha.com/article/68952-jp-morgan-chase-bear-stearns-acquisition-call-transcript?part=single,
71,https://seekingalpha.com/article/60423-jpmorgan-chase-q4-2007-earnings-call-transcript?part=single,
72,https://seekingalpha.com/article/50241-jp-morgan-q3-2007-earnings-call-transcript?part=single,
73,https://seekingalpha.com/article/41472-jpmorgan-chase-q2-2007-earnings-call-transcript?part=single,
,Link,Failed_Link
0,https://seekingalpha.com/article/4056864-lloyds-banking-group-lyg-presents-morgan-stanley-european-financials-conference-2017?part=single,
1,https://seekingalpha.com/article/4048664-lloyds-banking-groups-lyg-ceo-antonio-horta-osorio-q4-2016-results-earnings-call-transcript?part=single,
2,https://seekingalpha.com/article/4048195-lloyds-banking-group-plc-2016-q4-results-earnings-call-slides?part=single,
3,https://seekingalpha.com/article/4015159-lloyds-banking-group-plc-2016-q3-results-earnings-call-slides?part=single,
4,https://seekingalpha.com/article/4015160-lloyds-banking-groups-lyg-ceo-antonio-horta-osorio-q3-2016-results-earnings-call-transcript?part=single,
5,https://seekingalpha.com/article/3992800-lloyds-banking-groups-lyg-ceo-antonio-horta-osorio-q2-2016-results-earnings-call-transcript?part=single,
6,https://seekingalpha.com/article/3969990-lloyds-banking-groups-lyg-ceo-antonio-horta-osorio-q1-2016-results-earnings-call-transcript?part=single,
7,https://seekingalpha.com/article/3615636-lloyds-banking-groups-lyg-ceo-antonio-horta-osorio-q3-2015-results-earnings-call-transcript?part=single,
8,https://seekingalpha.com/article/3392555-lloyds-banking-groups-lyg-ceo-antonio-horta-osorio-on-q2-2015-results-earnings-call-transcript?part=single,
9,,https://seekingalpha.com/article/3130366-lloyds-banking-groups-lyg-ceo-antonio-horta-osorio-on-q1-2015-results-earnings-call-transcript?part=single
10,,https://seekingalpha.com/article/2959366-lloyds-banking-groups-lyg-ceo-antonio-horta-osorio-on-q4-2014-results-earnings-call-transcript?part=single
11,https://seekingalpha.com/article/2606825-lloyds-banking-group-lyg-q3-2014-results-interim-management-statement-call-transcript?part=single,
12,https://seekingalpha.com/article/2367465-lloyds-banking-group-lyg-h1-2014-results-earnings-call-transcript?part=single,
13,https://seekingalpha.com/article/2181613-lloyds-banking-group-management-discusses-q1-2014-results-interim-management-statement-call-transcript?part=single,
14,https://seekingalpha.com/article/2020241-lloyds-banking-group-management-discusses-2013-results-fixed-income-call-transcript?part=single,
15,https://seekingalpha.com/article/2018921-lloyds-banking-groups-ceo-discusses-q4-2013-results-earnings-call-transcript?part=single,
16,https://seekingalpha.com/article/1782382-lloyds-banking-group-management-discusses-q3-2013-results-interim-management-statement-call-transcript?part=single,
17,https://seekingalpha.com/article/1596582-lloyds-banking-group-management-discusses-h1-2013-results-fixed-income-call-transcript?part=single,
18,https://seekingalpha.com/article/1594152-lloyds-banking-group-management-discusses-h1-2013-results-earnings-call-transcript?part=single,
19,https://seekingalpha.com/article/1384181-lloyds-banking-group-management-discusses-q1-2013-results-interim-management-statement-call-transcript?part=single,
20,https://seekingalpha.com/article/1240021-lloyds-banking-group-management-discusses-q4-2012-results-earnings-call-transcript?part=single,
21,https://seekingalpha.com/article/1041491-lloyds-banking-group-management-discusses-q3-2012-results-earnings-call-transcript?part=single,
22,https://seekingalpha.com/article/759741-lloyds-banking-group-management-discusses-h1-2012-results-earnings-call-transcript?part=single,
23,https://seekingalpha.com/article/391151-lloyds-banking-group-plcs-ceo-discusses-2011-results-earnings-call-transcript?part=single,
24,https://seekingalpha.com/article/284837-lloyds-banking-group-plc-management-discusses-q2-2011-results-earnings-call-transcript?part=single,
25,https://seekingalpha.com/article/43029-lloyds-tsb-group-q2-2007-earnings-call-transcript?part=single,
,Link,Failed_Link
0,https://seekingalpha.com/article/4037377-morgan-stanleys-ms-ceo-james-gorman-q4-2016-results-earnings-call-transcript?part=single,
1,https://seekingalpha.com/article/4037255-morgan-stanley-2016-q4-results-earnings-call-slides?part=single,
2,https://seekingalpha.com/article/4013200-morgan-stanleys-ms-ceo-james-gorman-q3-2016-results-earnings-call-transcript?part=single,
3,https://seekingalpha.com/article/3989838-morgan-stanleys-ms-ceo-james-gorman-q2-2016-results-earnings-call-transcript?part=single,
4,https://seekingalpha.com/article/3966016-morgan-stanley-ms-james-patrick-gorman-q1-2016-results-earnings-call-transcript?part=single,
5,https://seekingalpha.com/article/3819586-morgan-stanleys-ms-ceo-james-gorman-q4-2015-results-earnings-call-transcript?part=single,
6,https://seekingalpha.com/article/3583016-morgan-stanleys-ms-ceo-james-gorman-q3-2015-results-earnings-call-transcript?part=single,
7,https://seekingalpha.com/article/3339405-morgan-stanleys-ms-ceo-james-gorman-on-q2-2015-results-earnings-call-transcript?part=single,
8,https://seekingalpha.com/article/3121786-morgan-stanleys-ms-semi-annual-fixed-income-investor-conference-call-transcript?part=single,
9,https://seekingalpha.com/article/3083376-morgan-stanleys-ms-ceo-james-gorman-on-q1-2015-results-earnings-call-transcript?part=single,
10,,https://seekingalpha.com/article/2834926-morgan-stanleys-ms-ceo-james-gorman-on-q4-2014-results-earnings-call-transcript?part=single
11,,https://seekingalpha.com/article/2571235-morgan-stanleys-ms-ceo-james-gorman-on-q3-2014-results-earnings-call-transcript?part=single
12,https://seekingalpha.com/article/2371155-morgan-stanley-ms-q2-2014-fixed-income-investor-conference-call-transcript?part=single,
13,https://seekingalpha.com/article/2321245-morgan-stanleys-ms-ceo-james-gorman-on-q2-2014-results-earnings-call-transcript?part=single,
14,https://seekingalpha.com/article/2262513-morgan-stanleys-ceo-presents-at-morgan-stanley-financials-conference-transcript?part=single,
15,https://seekingalpha.com/article/2148183-morgan-stanleys-ceo-discusses-q1-2014-results-earnings-call-transcript?part=single,
16,https://seekingalpha.com/article/2024311-morgan-stanley-management-presents-at-2014-credit-suisse-financial-services-forum-transcript?part=single,
17,https://seekingalpha.com/article/1952611-morgan-stanleys-ceo-discusses-q4-2013-results-earnings-call-transcript?part=single,
18,https://seekingalpha.com/article/1889571-morgan-stanleys-management-presents-at-2013-goldman-sachs-financial-services-conference-transcript?part=single,
19,https://seekingalpha.com/article/1754302-morgan-stanleys-ceo-discusses-q3-2013-results-earnings-call-transcript?part=single,
20,https://seekingalpha.com/article/1555842-morgan-stanley-ms-ceo-discusses-q2-2013-results-earnings-call-transcript?part=single,
21,https://seekingalpha.com/article/1438841-morgan-stanleys-ceo-presents-at-annual-shareholders-meeting-conference-transcript?part=single,
22,https://seekingalpha.com/article/1351561-morgan-stanleys-ceo-discusses-q1-2013-results-earnings-call-transcript?part=single,
23,https://seekingalpha.com/article/1183631-morgan-stanley-management-hosts-fixed-income-investor-conference-call-transcript?part=single,
24,https://seekingalpha.com/article/1120641-morgan-stanley-management-discusses-q4-2012-results-earnings-call-transcript?part=single,
25,https://seekingalpha.com/article/932961-morgan-stanley-management-discusses-q3-2012-results-earnings-call-transcript?part=single,
26,https://seekingalpha.com/article/733161-morgan-stanley-management-discusses-q2-2012-results-earnings-call-transcript?part=single,
27,https://seekingalpha.com/article/511601-morgan-stanleys-ceo-discusses-q1-2012-results-earnings-call-transcript?part=single,
28,https://seekingalpha.com/article/320705-morgan-stanleys-ceo-discusses-q4-2011-results-earnings-call-transcript?part=single,
29,https://seekingalpha.com/article/300652-morgan-stanley-management-discusses-q3-2011-results-earnings-call-transcript?part=single,
30,https://seekingalpha.com/article/280980-morgan-stanleys-ceo-discusses-q2-2011-results-earnings-call-transcript?part=single,
31,https://seekingalpha.com/article/264851-morgan-stanleys-ceo-discusses-q1-2011-results-earnings-call-transcript?part=single,
32,https://seekingalpha.com/article/247825-morgan-stanley-ceo-discusses-q4-2010-earnings-call-transcript?part=single,
33,,https://seekingalpha.com/article/231212-morgan-stanley-ceo-discusses-q3-2010-results-earnings-call-transcript?part=single
34,,https://seekingalpha.com/article/215657-morgan-stanley-q2-2010-earnings-call-transcript?part=single
35,https://seekingalpha.com/article/200042-morgan-stanley-q1-2010-earnings-call-transcript?part=single,
36,https://seekingalpha.com/article/183510-morgan-stanley-q4-2009-earnings-call-transcript?part=single,
37,https://seekingalpha.com/article/167982-morgan-stanley-q3-2009-earnings-call-transcript?part=single,
38,https://seekingalpha.com/article/150648-morgan-stanley-q2-2009-earnings-call-transcript?part=single,
39,https://seekingalpha.com/article/132396-morgan-stanley-q1-2009-earnings-call-transcript?part=single,
40,https://seekingalpha.com/article/114829-morgan-stanley-smith-barney-global-wealth-management-joint-venture-call-transcript?part=single,
41,https://seekingalpha.com/article/111299-morgan-stanley-f4q08-qtr-end-11-30-08-earnings-call-transcript?part=single,
42,https://seekingalpha.com/article/95827-morgan-stanley-f3q08-qtr-end-06-30-08-earnings-call-transcript?part=single,
43,https://seekingalpha.com/article/81853-morgan-stanley-f2q08-qtr-end-05-31-08-earnings-call-transcript?part=single,
44,https://seekingalpha.com/article/69297-morgan-stanley-f1q08-qtr-end-02-29-08-earnings-call-transcript?part=single,
45,https://seekingalpha.com/article/57886-morgan-stanley-f4q07-qtr-end-11-30-07-earnings-call-transcript?part=single,
46,https://seekingalpha.com/article/47702-morgan-stanley-f3q07-qtr-end-8-31-07-earnings-call-transcript?part=single,
47,https://seekingalpha.com/article/38950-morgan-stanley-f2q07-qtr-end-5-31-07-earnings-call-transcript?part=single,
48,https://seekingalpha.com/article/30299-morgan-stanley-f1q07-qtr-end-2-28-07-earnings-call-transcript?part=single,
,Link,Failed_Link
0,https://seekingalpha.com/article/4053335-regions-financial-corporation-rf-presents-rbc-capital-markets-financial-institutions?part=single,
1,https://seekingalpha.com/article/4038412-regions-financials-rf-ceo-grayson-hall-q4-2016-results-earnings-call-transcript?part=single,
2,https://seekingalpha.com/article/4038253-regions-financial-corporation-2016-q4-results-earnings-call-slides?part=single,
3,https://seekingalpha.com/article/4028704-regions-rf-presents-goldman-sachs-u-s-financial-service-conference?part=single,
4,https://seekingalpha.com/article/4019518-regions-financial-presents-bancanalysts-association-boston-conference-slide-presentation?part=single,
5,https://seekingalpha.com/article/4012976-regions-financials-rf-ceo-grayson-hall-q3-2016-results-earnings-call-transcript?part=single,
6,https://seekingalpha.com/article/4012762-regions-financial-corporation-2016-q3-results-earnings-call-slides?part=single,
7,https://seekingalpha.com/article/3989604-regions-financials-rf-ceo-grayson-hall-q2-2016-results-earnings-call-transcript?part=single,
8,https://seekingalpha.com/article/3989455-regions-financial-corporation-2016-q2-results-earnings-call-slides?part=single,
9,https://seekingalpha.com/article/3961978-regions-financials-rf-ceo-grayson-hall-q1-2016-results-earnings-call-transcript?part=single,
10,https://seekingalpha.com/article/3814016-regions-financials-rf-ceo-grayson-hall-q4-2015-results-earnings-call-transcript?part=single,
11,https://seekingalpha.com/article/3794486-regions-financial-rf-q4-2015-results-earnings-call-webcast?part=single,
12,,https://seekingalpha.com/article/3586696-regions-financial-rf-o-b-grayson-hall-jr-q3-2015-results-earnings-call-transcript?part=single
13,,https://seekingalpha.com/article/3577576-regions-financial-rf-q3-2015-results-earnings-call-webcast?part=single
14,https://seekingalpha.com/article/3343585-regions-financials-rf-ceo-grayson-hall-discusses-q2-2015-results-earnings-call-transcript?part=single,
15,https://seekingalpha.com/article/3087886-regions-financial-rf-ceo-grayson-hall-on-q1-2015-results-earnings-call-transcript?part=single,
16,https://seekingalpha.com/article/3082366-regions-financial-rf-q1-2015-results-earnings-call-webcast?part=single,
17,https://seekingalpha.com/article/2834596-regions-financials-rf-ceo-grayson-hall-on-q4-2014-results-earnings-call-transcript?part=single,
18,https://seekingalpha.com/article/2818406-regions-financial-rf-q4-2014-results-earnings-call-webcast?part=single,
19,https://seekingalpha.com/article/2580835-regions-financials-rf-ceo-grayson-hall-on-q3-2014-results-earnings-call-transcript?part=single,
20,https://seekingalpha.com/article/2574495-regions-financial-rf-q3-2014-results-earnings-call-webcast?part=single,
21,https://seekingalpha.com/article/2331375-regions-financials-rf-ceo-grayson-hall-on-q2-2014-results-earnings-call-transcript?part=single,
22,https://seekingalpha.com/article/2328655-q2-2014-regions-financial-corp-earnings-conference-call-webcast?part=single,
23,https://seekingalpha.com/article/2155443-regions-financials-ceo-discusses-q1-2014-results-earnings-call-transcript?part=single,
24,https://seekingalpha.com/article/1958141-regions-financial-management-discusses-q4-2013-results-earnings-call-transcript?part=single,
25,https://seekingalpha.com/article/1889141-regions-financials-ceo-presents-at-2013-goldman-sachs-us-financial-services-conference-transcript?part=single,
26,https://seekingalpha.com/article/1761522-regions-financial-management-discusses-q3-2013-results-earnings-call-transcript?part=single,
27,https://seekingalpha.com/article/1565502-regions-financial-corporation-rf-management-discusses-q2-2013-results-earnings-call-transcript?part=single,
28,https://seekingalpha.com/article/1563882-regions-financial-corporation-rf-management-discusses-q1-2014-results-webcast?part=single,
29,https://seekingalpha.com/article/1497132-regions-financial-corporation-presents-at-morgan-stanley-financials-conference-2013-junminus-12minus-2013-09-10-am?part=single,
30,https://seekingalpha.com/article/1451521-regions-financials-ceo-presents-at-barclays-americas-select-franchise-conference-transcript?part=single,
31,https://seekingalpha.com/article/1443741-regions-financials-ceo-hosts-annual-shareholder-meeting-transcript?part=single,
32,https://seekingalpha.com/article/1363871-regions-financial-management-discusses-q1-2013-results-earnings-call-transcript?part=single,
33,https://seekingalpha.com/article/1252721-regions-financials-management-presents-at-citigroup-us-financial-services-conference-transcript?part=single,
34,,https://seekingalpha.com/article/1125271-regions-financial-management-discusses-q4-2012-results-earnings-call-transcript?part=single
35,,https://seekingalpha.com/article/942371-regions-financial-management-discusses-q3-2012-results-earnings-call-transcript?part=single
36,https://seekingalpha.com/article/744541-regions-financial-management-discusses-q2-2012-results-earnings-call-transcript?part=single,
37,https://seekingalpha.com/article/523541-regions-financials-ceo-discusses-q1-2012-results-earnings-call-transcript?part=single,
38,https://seekingalpha.com/article/321761-regions-financials-ceo-discusses-q4-2011-results-earnings-call-transcript?part=single,
39,https://seekingalpha.com/article/301993-regions-financials-ceo-discusses-q3-2011-results-earnings-call-transcript?part=single,
40,https://seekingalpha.com/article/281890-regions-financials-ceo-discusses-q2-2011-results-earnings-call-transcript?part=single,
41,https://seekingalpha.com/article/264350-regions-financials-ceo-discusses-q1-2011-results-earnings-call-transcript?part=single,
42,https://seekingalpha.com/article/248588-regions-financials-ceo-discusses-q4-2010-results-earnings-call-transcript?part=single,
43,https://seekingalpha.com/article/232516-regions-financial-ceo-discusses-q3-2010-results-earnings-call-transcript?part=single,
44,https://seekingalpha.com/article/216841-regions-financial-q2-2010-earnings-call-transcript?part=single,
45,https://seekingalpha.com/article/199803-regions-financial-corporation-q1-2010-earnings-call-transcript?part=single,
46,https://seekingalpha.com/article/184583-regions-financial-corporation-q4-2009-earnings-call-transcript?part=single,
47,https://seekingalpha.com/article/167657-regions-financial-corporation-q3-2009-earnings-call-transcript?part=single,
48,https://seekingalpha.com/article/150300-regions-financial-corporation-q2-2009-earnings-call-transcript?part=single,
49,https://seekingalpha.com/article/132109-regions-financial-corporation-q1-2009-earnings-call-transcript?part=single,
50,https://seekingalpha.com/article/115536-regions-financial-corporation-q4-2008-earnings-call-transcript?part=single,
51,https://seekingalpha.com/article/100922-regions-financial-corporation-q3-2008-earnings-call-transcript?part=single,
52,https://seekingalpha.com/article/86328-regions-financial-corporation-q2-2008-earnings-call-transcript?part=single,
53,https://seekingalpha.com/article/72417-regions-financial-corporation-q1-2008-earnings-call-transcript?part=single,
54,https://seekingalpha.com/article/61053-regions-financial-corporation-q4-2007-earnings-call-transcript?part=single,
55,https://seekingalpha.com/article/41337-regions-financial-q2-2007-earnings-call-transcript?part=single,
