,Ticker,Date,Time,Links
0,XOM,Exxon Mobil Corporation 2017 Analyst Meeting,"March 01, 2017 09:30 AM ET",https://seekingalpha.com/article/4056229-exxon-mobils-xom-ceo-darren-woods-hosts-2017-analyst-meeting-transcript?part=single
1,XOM,Q4 2016 Results Earnings Conference Call,"January 31, 2017, 9:30 am ET",https://seekingalpha.com/article/4041222-exxon-mobils-xom-q4-2016-results-earnings-call-transcript?part=single
2,XOM,Q3 2016 Earnings Conference Call,"October 28, 2016 09:30 AM ET",https://seekingalpha.com/article/4016510-exxon-mobils-xom-q3-2016-results-earnings-call-transcript?part=single
3,XOM,Q2 2016 Earnings Call,"July 29, 2016 9:30 am ET",https://seekingalpha.com/article/3993326-exxon-mobil-xom-q2-2016-results-earnings-call-transcript?part=single
4,XOM,Q1 2016 Earnings Conference Call,"April 29, 2016 09:30 AM ET",https://seekingalpha.com/article/3969448-exxon-mobil-xom-q1-2016-results-earnings-call-transcript?part=single
5,XOM,Q4 2015 Earnings Call,"February 02, 2016 10:30 am ET",https://seekingalpha.com/article/3857646-exxon-mobil-xom-q4-2015-results-earnings-call-transcript?part=single
6,XOM,Q3 2015 Earnings Call,"October 30, 2015 9:30 am ET",https://seekingalpha.com/article/3626956-exxon-mobil-xom-q3-2015-results-earnings-call-transcript?part=single
7,XOM,Q2 2015 Earnings Conference Call,"July 31, 2015 9:30 am ET",https://seekingalpha.com/article/3384405-exxon-mobil-xom-on-q2-2015-results-earnings-call-transcript?part=single
8,XOM,Q1 2015 Earnings Conference Call,"April 30, 2015 11:00 AM ET",https://seekingalpha.com/article/3124086-exxonmobil-xom-q1-2015-results-earnings-call-transcript?part=single
9,XOM,2015 Analyst Meeting Call,"March 04, 2015 09:00 AM ET",https://seekingalpha.com/article/2975396-exxon-mobils-xom-ceo-rex-tillerson-hosts-2015-analyst-meeting-transcript?part=single
10,XOM,Q4 2014 Earnings Conference Call,"February 2, 2015 9:30 AM ET",https://seekingalpha.com/article/2875416-exxonmobil-xom-q4-2014-results-earnings-call-transcript?part=single
11,XOM,Q3 2014 Earnings Conference Call,"October 31, 2014 9:30 AM ET",https://seekingalpha.com/article/2625625-exxon-mobil-xom-q3-2014-results-earnings-call-transcript?part=single
12,XOM,Q2 2014 Earnings Call,"July 31, 2014 11:00 am ET",https://seekingalpha.com/article/2366065-exxon-mobil-xom-q2-2014-results-earnings-call-transcript?part=single
13,XOM,Annual Shareholder Meeting Conference Call,"May 28, 2014 10:30 ET",https://seekingalpha.com/article/2243043-exxon-mobils-xom-ceo-rex-tillerson-hosts-annual-shareholder-meeting-transcript?part=single
14,XOM,Q1 2014 Earnings Conference Call,"May 1, 2014 11:00 AM ET",https://seekingalpha.com/article/2184133-exxon-mobil-management-discusses-q1-2014-results-earnings-call-transcript?part=single
15,XOM,Q4 2013 Earnings Conference Call,"March 05, 2014 09:00 AM ET",https://seekingalpha.com/article/2070673-exxonmobils-ceo-hosts-2014-analyst-meeting-transcript?part=single
16,XOM,Q4 2013 Earnings Call,"January 30, 2014 11:00 AM ET",https://seekingalpha.com/article/1981521-exxon-mobil-management-discusses-q4-2013-results-earnings-call-transcript?part=single
17,XOM,Q3 2013 Earnings Call,"October 31, 2013 11:00 AM ET",https://seekingalpha.com/article/1793882-exxon-mobil-management-discusses-q3-2013-results-earnings-call-transcript?part=single
18,XOM,Q2 2013 Earnings Call,"August 1, 2013 11:00 AM ET",https://seekingalpha.com/article/1595062-exxon-mobil-management-discusses-q2-2013-results-earnings-call-transcript?part=single
19,XOM,Annual Shareholder Meeting Call,"May 29, 2013 10:00 AM ET",https://seekingalpha.com/article/1468831-exxonmobil-corporation-ceo-hosts-annual-shareholder-meeting-transcript?part=single
20,XOM,Q1 2013 Earnings Call,"April 25, 2013 11:00 am ET",https://seekingalpha.com/article/1371391-exxon-mobils-ceo-discusses-q1-2013-results-earnings-call-transcript?part=single
21,XOM,2013 Analyst Meeting Conference Transcript,"March 6, 2013 9:00 AM ET",https://seekingalpha.com/article/1254011-exxonmobils-ceo-hosts-2013-analyst-meeting-conference-transcript?part=single
22,XOM,Q4 2012 Earnings Call,"February 01, 2013  9:30 am ET",https://seekingalpha.com/article/1150721-exxon-mobil-management-discusses-q4-2012-results-earnings-call-transcript?part=single
23,XOM,2013 Energy Outlook Conference Call,"December 11, 2012 10:00 am ET",https://seekingalpha.com/article/1058481-exxon-mobils-management-discusses-2013-energy-outlook-conference-call-transcript?part=single
24,XOM,Q3 2012 Earnings Call,"November 01, 2012, 11:00 am ET",https://seekingalpha.com/article/968661-exxon-mobils-management-discusses-q3-2012-results-earnings-call-transcript?part=single
25,XOM,Q2 2012 Earnings Call,"July 26, 2012 11:00 am ET",https://seekingalpha.com/article/753211-exxon-mobils-ceo-discusses-q2-2012-results-earnings-call-transcript?part=single
26,XOM,Annual Shareholder Meeting,"May 30, 2012 10:00 am ET",https://seekingalpha.com/article/629711-exxon-mobils-ceo-hosts-annual-shareholder-meeting-transcript?part=single
27,XOM,Q1 2012 Earnings Call,"April 26, 2012 11:00 am ET",https://seekingalpha.com/article/532141-exxon-mobil-management-discusses-q1-2012-results-earnings-call-transcript?part=single
28,XOM,Q4 2011 Earnings Call,"January 31, 2012 11:00 am ET",https://seekingalpha.com/article/329962-exxon-mobil-management-discusses-q4-2011-results-earnings-call-transcript?part=single
29,XOM,Q3 2011 Earnings Call,"October 27, 2011 11:00 am ET",https://seekingalpha.com/article/302986-exxon-mobil-management-discusses-q3-2011-results-earnings-call-transcript?part=single
30,XOM,Q2 2011 Earnings Call,"July 28, 2011 11:00 am ET",https://seekingalpha.com/article/282746-exxon-mobil-management-discusses-q2-2011-results-earnings-call-transcript?part=single
31,XOM,Q1 2011 Earnings Call,"April 28, 2011 11:00 am ET",https://seekingalpha.com/article/266369-exxon-mobil-management-discusses-q1-2011-results-earnings-call-transcript?part=single
32,XOM,Q4 2010 Earnings Call,"January 31, 2011 11:00 a.m. ET",https://seekingalpha.com/article/249827-exxonmobil-management-discusses-q4-2010-results-earnings-call-transcript?part=single
33,XOM,Q3 2010 Earnings Call,"October 28, 2010 11:00 am ET",https://seekingalpha.com/article/233089-exxon-mobil-management-discusses-q3-2010-results-earnings-call-transcript?part=single
34,XOM,Q1 2010 Earnings Call,"April 29, 2010 11:00 am ET",https://seekingalpha.com/article/201901-exxon-mobil-q1-2010-earnings-call-transcript?part=single
35,XOM,Q4 2009 Earnings Call,"February 1, 2010 11:00 amÂ ET",https://seekingalpha.com/article/185872-exxon-mobil-corporation-q4-2009-earnings-call-transcript?part=single
36,XOM,Q3 2009 Earnings Call,"October 29, 2009 11:00 AM ET",https://seekingalpha.com/article/170060-exxon-mobil-q3-2009-earnings-call-transcript?part=single
37,XOM,Q2 2009 Earnings Call,"July 30, 2009 11.00 AM ET",https://seekingalpha.com/article/152721-exxon-mobil-q2-2009-earnings-transcript?part=single
38,XOM,Q1 2009 Earnings Call,"April 30, 2009 11:00 AM ET",https://seekingalpha.com/article/134395-exxonmobil-q1-2009-earnings-call-transcript?part=single
39,XOM,Q4 2008 Earnings Call Transcript,"January 30, 2009 11:00 am ET",https://seekingalpha.com/article/117725-exxon-mobil-corporation-q4-2008-earnings-call-transcript?part=single
40,XOM,Q3 2008 Earnings Call,"October 30, 2008 11:00 am ET",https://seekingalpha.com/article/103079-exxon-mobil-q3-2008-earnings-call-transcript?part=single
41,XOM,Q1 FY08 Earnings Call,"May 01, 2008, 11:00 AM ET",https://seekingalpha.com/article/75218-exxonmobil-corp-q1-2008-earnings-call-transcript?part=single
42,XOM,Q4 FY07 Earnings Call,"February 1, 2008, 11.00 AM",https://seekingalpha.com/article/62717-exxonmobil-corp-q4-2007-earnings-call-transcript?part=single
43,XOM,Q3 2007 Earnings Call,"November 1, 2007 11:00 am ET",https://seekingalpha.com/article/52468-exxonmobil-q3-2007-earnings-call-transcript?part=single
44,XOM,ExxonMobil Corporation (NYSE:XOM) , Q2 2007 Earnings Call ,https://seekingalpha.com/article/42542-exxonmobil-q2-2007-earnings-call-transcript?part=single
45,XOM, Q1 2007 Earnings Call ," Day, Month Date, 2006 TIME am ET ",https://seekingalpha.com/article/33667-exxonmobil-q1-2007-earnings-call-transcript?part=single
46,XOM, Q4 2006 Earnings Call ," February 01, 2007 11:00 am ET ",https://seekingalpha.com/article/25823-exxon-mobil-q4-2006-earnings-call-transcript?part=single
47,XOM,Q3 2006 Earnings Call,"October 26, 2006 11:00 am ET",https://seekingalpha.com/article/19334-exxonmobil-q3-2006-earnings-call-transcript?part=single
48,XOM,Q2 2006 Earnings Conference Call,"July 27 2006, 11:00 am ET",https://seekingalpha.com/article/14498-exxonmobil-corporation-q2-2006-earnings-conference-call-transcript-xom?part=single
49,XOM,Q1 2006 Earnings Conference Call,"April 27, 2006, 11:00 A.M. EST",https://seekingalpha.com/article/9673-exxonmobil-corporation-q1-2006-earnings-conference-call-transcript-xom?part=single
50,XOM, Q4 2005 Earnings Conference Call ," January 30th 2006, 11:00 AM.",https://seekingalpha.com/article/6333-exxonmobil-q4-2005-earnings-conference-call-transcript-xom?part=single
51,XOM,Question-and-Answer Session ,Operator,https://seekingalpha.com/article/4684-full-transcript-of-exxon-mobil-s-3q05-conference-call-q-and-a-xom?part=single
52,XOM, ,Executives: ,https://seekingalpha.com/article/4683-full-transcript-of-exxon-mobil-s-3q05-conference-call-prepared-remarks-xom?part=single
